cogOTU_2620	4QDJP	1	Loc090116-1m_megahit_metabat_bin-0950	00025	0.00024	12.7	0.0	0.00038	12.1	0.0	1.2	1	hypothetical protein
cogOTU_2620	4QDJP	1	Loclat_megahit_metabat_bin-11964	00027	0.00024	12.7	0.0	0.00038	12.1	0.0	1.2	1	hypothetical protein
cogOTU_2620	4QCRP	1	Loclat_megahit_metabat_bin-11964	00033	0.0036	9.9	3.7	0.026	7.1	0.7	2.7	2	hypothetical protein
cogOTU_2620	4QAPV	1	Loc090116-1m_megahit_metabat_bin-0950	00035	2.9e-10	33.3	0.0	3.5e-10	33.0	0.0	1.1	1	hypothetical protein
cogOTU_2620	4QAPV	1	Loclat_megahit_metabat_bin-11964	00040	2.9e-10	33.3	0.0	3.5e-10	33.0	0.0	1.1	1	hypothetical protein
cogOTU_2620	4QBPM	1	Loc090116-1m_megahit_metabat_bin-0950	00003	0.00027	13.6	0.0	0.00028	13.6	0.0	1.2	1	hypothetical protein
cogOTU_2620	4QBPM	1	Loclat_megahit_metabat_bin-11964	00005	0.00027	13.6	0.0	0.00028	13.6	0.0	1.2	1	hypothetical protein
cogOTU_2620	4QC1S	1	Loc090116-1m_megahit_metabat_bin-0950	00007	0.00044	11.6	0.0	0.00056	11.2	0.0	1.1	1	hypothetical protein
cogOTU_2620	4QC1S	1	Loclat_megahit_metabat_bin-11964	00001	0.00044	11.6	0.0	0.00056	11.2	0.0	1.1	1	hypothetical protein
cogOTU_2620	4QD4H	1	Loc090116-1m_megahit_metabat_bin-0950	00029	0.00072	11.8	0.0	0.0015	10.7	0.0	1.4	1	hypothetical protein
cogOTU_2620	4QD4H	1	Loclat_megahit_metabat_bin-11964	00031	0.00072	11.8	0.0	0.0015	10.7	0.0	1.4	1	hypothetical protein
