cogOTU_1854	4QAZF	1	Loc090519-5m_megahit_metabat_bin-1200	00012	2.6e-05	15.7	0.1	8.1e-05	14.1	0.0	1.7	1	hypothetical protein
cogOTU_1854	4QAZF	1	Loc090519-7m_megahit_metabat_bin-1529	00009	5.4e-05	14.6	0.1	0.00017	13.0	0.0	1.7	1	hypothetical protein
cogOTU_1854	4QAZF	1	Loc090519-5m_megahit_metabat_bin-1200	00001	0.00012	13.5	0.1	0.00053	11.4	0.0	1.8	1	hypothetical protein
cogOTU_1854	4QEUM	1	Loc090519-5m_megahit_metabat_bin-1200	00003	3.1e-05	14.9	0.6	3.1e-05	14.9	0.6	1.8	1	hypothetical protein
cogOTU_1854	4QEUM	1	Loc090519-7m_megahit_metabat_bin-1529	00008	3.1e-05	14.9	0.6	3.1e-05	14.9	0.6	1.8	1	hypothetical protein
cogOTU_1854	4QGH0	1	Loc090519-7m_megahit_metabat_bin-1529	00012	0.0027	4.9	22.9	0.0033	4.6	22.9	1.0	1	hypothetical protein
cogOTU_1854	4QAQE	1	Loc090519-5m_megahit_metabat_bin-1200	00014	3.1e-36	116.4	1.7	3.5e-36	116.2	1.7	1.0	1	Tyrosine recombinase XerD
cogOTU_1854	4QAQE	1	Loc090519-7m_megahit_metabat_bin-1529	00001	5.9e-36	115.5	1.7	6.6e-36	115.3	1.7	1.0	1	Tyrosine recombinase XerD
cogOTU_1854	4QAQE	1	Loc090519-5m_megahit_metabat_bin-1200	00010	9.3e-36	114.9	0.8	1.1e-35	114.6	0.8	1.0	1	Tyrosine recombinase XerD
cogOTU_1854	4QAQE	1	Loc090519-7m_megahit_metabat_bin-1529	00013	1.6e-27	87.8	12.2	2.1e-27	87.4	12.2	1.0	1	hypothetical protein
cogOTU_1854	4QATB	1	Loc090519-5m_megahit_metabat_bin-1200	00004	0.00024	11.3	0.1	0.0088	6.2	0.0	2.1	2	hypothetical protein
cogOTU_1854	4QATB	1	Loc090519-7m_megahit_metabat_bin-1529	00007	0.00024	11.3	0.1	0.0088	6.2	0.0	2.1	2	hypothetical protein
cogOTU_1854	4QFGX	1	Loc090519-5m_megahit_metabat_bin-1200	00015	0.0013	9.5	5.8	0.047	4.4	0.1	3.0	3	hypothetical protein
cogOTU_1854	4QBE9	1	Loc090519-5m_megahit_metabat_bin-1200	00010	0.0001	12.3	0.9	0.0037	7.2	0.2	2.1	2	Tyrosine recombinase XerD
