cogOTU_2683	4QESC	1	Loc090907-6m_megahit_metabat_bin-356	00015	0.0024	9.1	1.5	0.0031	8.7	1.5	1.2	1	hypothetical protein
cogOTU_2683	4QESC	1	Loc090907-8m_megahit_metabat_bin-464	00047	0.0024	9.1	1.5	0.0031	8.7	1.5	1.2	1	hypothetical protein
cogOTU_2683	4QD4D	0	Loc090519-4m_megahit_metabat_bin-101	00017	0.072	6.5	10.0	0.023	8.1	6.9	1.9	1	hypothetical protein
cogOTU_2683	4QD4D	0	Loc090519-7m_megahit_metabat_bin-0267	00028	0.072	6.5	10.0	0.023	8.1	6.9	1.9	1	hypothetical protein
cogOTU_2683	4QD4D	0	Loc090907-8m_megahit_metabat_bin-464	00004	0.072	6.5	10.0	0.023	8.1	6.9	1.9	1	hypothetical protein
cogOTU_2683	4QHPY	1	Loc090519-7m_megahit_metabat_bin-0267	00024	0.0017	10.0	0.2	0.0018	9.9	0.2	1.0	1	hypothetical protein
cogOTU_2683	4QH3X	1	Loc090519-4m_megahit_metabat_bin-101	00027	0.00066	12.9	1.7	0.00068	12.8	1.7	1.1	1	hypothetical protein
cogOTU_2683	4QH3X	1	Loc090907-6m_megahit_metabat_bin-356	00031	0.00066	12.9	1.7	0.00068	12.8	1.7	1.1	1	hypothetical protein
cogOTU_2683	4QH3X	1	Loc090907-8m_megahit_metabat_bin-464	00030	0.00066	12.9	1.7	0.00068	12.8	1.7	1.1	1	hypothetical protein
