cogOTU_2368	4QAS8	1	Loc090721-4m_megahit_metabat_bin-0179	00015	0.0011	10.3	3.1	0.00048	11.4	0.2	1.9	1	hypothetical protein
cogOTU_2368	4QAS8	1	Loc080925-7m_megahit_metabat_bin-0949	00004	0.0012	10.2	3.1	0.00052	11.3	0.2	1.9	1	hypothetical protein
cogOTU_2368	4QDGV	1	Loc080925-7m_megahit_metabat_bin-0949	00009	0.00015	12.2	0.2	0.0002	11.8	0.2	1.1	1	hypothetical protein
cogOTU_2368	4QDGV	1	Loc090721-4m_megahit_metabat_bin-0179	00010	0.00015	12.2	0.2	0.0002	11.8	0.2	1.1	1	hypothetical protein
cogOTU_2368	4QEVB	1	Loc090721-4m_megahit_metabat_bin-0179	00008	0.00015	12.5	1.3	0.00017	12.3	1.3	1.1	1	hypothetical protein
