cogOTU_2598	4QE0D	1	Loc081215-1m_megahit_metabat_bin-1240	00012	0.00031	11.0	0.0	0.00044	10.4	0.0	1.1	1	hypothetical protein
cogOTU_2598	4QG6J	1	Loc081215-4m_megahit_metabat_bin-2236	00001	0.00035	9.4	0.0	0.00035	9.4	0.0	1.0	1	hypothetical protein
