cogOTU_558	4QBP7	1	Loc080925-5-5m_megahit_metabat_bin-0347	00006	0.00073	12.0	0.0	0.0015	11.1	0.0	1.5	1	hypothetical protein
cogOTU_558	4QBP7	1	Loc080925-6m_megahit_metabat_bin-0533	00006	0.00073	12.0	0.0	0.0015	11.1	0.0	1.5	1	hypothetical protein
cogOTU_558	4QBP7	1	Loc080925-7m_megahit_metabat_bin-0180	00006	0.00073	12.0	0.0	0.0015	11.1	0.0	1.5	1	hypothetical protein
cogOTU_558	4QBP7	1	Loc080925-8-8m_megahit_metabat_bin-704	00006	0.00073	12.0	0.0	0.0015	11.1	0.0	1.5	1	hypothetical protein
cogOTU_558	4QBP7	1	Loc080925-8m_megahit_metabat_bin-420	00006	0.00073	12.0	0.0	0.0015	11.1	0.0	1.5	1	hypothetical protein
cogOTU_558	4QBP7	1	Loc090721-5m_megahit_metabat_bin-052	00004	0.00073	12.0	0.0	0.0015	11.1	0.0	1.5	1	hypothetical protein
cogOTU_558	4QBP7	1	Loclat_megahit_metabat_bin-12823	00006	0.00073	12.0	0.0	0.0015	11.1	0.0	1.5	1	hypothetical protein
cogOTU_558	4QCFA	1	Loc080925-6m_megahit_metabat_bin-0533	00012	3e-51	166.9	0.0	3.9e-51	166.5	0.0	1.1	1	UDP-glucose 4-epimerase
cogOTU_558	4QC21	1	Loc080925-6m_megahit_metabat_bin-0533	00012	0.00051	11.3	0.0	0.00071	10.8	0.0	1.5	1	UDP-glucose 4-epimerase
cogOTU_558	4QBH5	1	Loc080925-5-5m_megahit_metabat_bin-0347	00003	9e-42	135.3	0.3	1.2e-41	134.8	0.3	1.1	1	hypothetical protein
cogOTU_558	4QBH5	1	Loc080925-6m_megahit_metabat_bin-0533	00009	9e-42	135.3	0.3	1.2e-41	134.8	0.3	1.1	1	hypothetical protein
cogOTU_558	4QBH5	1	Loc080925-7m_megahit_metabat_bin-0180	00009	9e-42	135.3	0.3	1.2e-41	134.8	0.3	1.1	1	hypothetical protein
cogOTU_558	4QBH5	1	Loc080925-8-8m_megahit_metabat_bin-704	00009	9e-42	135.3	0.3	1.2e-41	134.8	0.3	1.1	1	hypothetical protein
cogOTU_558	4QBH5	1	Loc080925-8m_megahit_metabat_bin-420	00009	9e-42	135.3	0.3	1.2e-41	134.8	0.3	1.1	1	hypothetical protein
cogOTU_558	4QBH5	1	Loc090721-5m_megahit_metabat_bin-052	00001	9e-42	135.3	0.3	1.2e-41	134.8	0.3	1.1	1	hypothetical protein
cogOTU_558	4QBH5	1	Loclat_megahit_metabat_bin-12823	00003	9e-42	135.3	0.3	1.2e-41	134.8	0.3	1.1	1	hypothetical protein
