cogOTU_2571	4QD4F	1	Loc090116-1m_megahit_metabat_bin-1400	00002	8.3e-07	21.2	0.2	9.5e-07	21.0	0.2	1.1	1	hypothetical protein
cogOTU_2571	4QD4F	1	Loc090116-9m_megahit_metabat_bin-1407	00010	8.3e-07	21.2	0.2	9.5e-07	21.0	0.2	1.1	1	hypothetical protein
cogOTU_2571	4QFZZ	1	Loc090116-1m_megahit_metabat_bin-1400	00002	5.9e-05	13.5	0.0	6.4e-05	13.4	0.0	1.0	1	hypothetical protein
cogOTU_2571	4QFZZ	1	Loc090116-9m_megahit_metabat_bin-1407	00010	5.9e-05	13.5	0.0	6.4e-05	13.4	0.0	1.0	1	hypothetical protein
cogOTU_2571	4QDXS	1	Loc090116-9m_megahit_metabat_bin-1407	00029	0.00056	11.7	0.0	0.001	10.9	0.0	1.4	1	hypothetical protein
cogOTU_2571	4QFF9	1	Loc090116-1m_megahit_metabat_bin-1400	00008	0.00016	13.8	0.0	0.00018	13.6	0.0	1.1	1	hypothetical protein
cogOTU_2571	4QFF9	1	Loc090116-9m_megahit_metabat_bin-1407	00004	0.00016	13.8	0.0	0.00018	13.6	0.0	1.1	1	hypothetical protein
cogOTU_2571	4QCY3	1	Loc090116-1m_megahit_metabat_bin-1400	00018	8.1e-05	13.7	0.1	9.3e-05	13.5	0.1	1.0	1	hypothetical protein
cogOTU_2571	4QCY3	1	Loc090116-9m_megahit_metabat_bin-1407	00032	8.1e-05	13.7	0.1	9.3e-05	13.5	0.1	1.0	1	hypothetical protein
