cogOTU_2200	4QCIU	1	Loc080925-5-5m_megahit_metabat_bin-0986	00006	0.00013	14.2	0.0	0.0063	8.9	0.0	2.2	2	hypothetical protein
cogOTU_2200	4QCIU	1	Loc080925-6m_megahit_metabat_bin-0647	00020	0.00031	13.0	0.0	0.01	8.2	0.0	2.2	2	hypothetical protein
cogOTU_2200	4QFSM	1	Loc080925-7m_megahit_metabat_bin-0434	00017	0.00037	12.5	0.9	0.075	5.1	0.2	2.9	2	hypothetical protein
