cogOTU_1724	4QGYG	1	Loc090116-9m_megahit_metabat_bin-1587	00018	0.00067	11.6	0.4	0.00096	11.1	0.4	1.2	1	hypothetical protein
cogOTU_1724	4QGYG	1	Loc090116-1m_megahit_metabat_bin-1176	00023	0.00074	11.4	0.5	0.0011	10.9	0.5	1.2	1	hypothetical protein
