cogOTU_2706	4QC7T	1	Loc090519-4m_megahit_metabat_bin-666	00004	0.0003	11.6	0.4	0.0013	9.6	0.0	1.9	2	hypothetical protein
cogOTU_2706	4QBIH	1	Loc090519-4m_megahit_metabat_bin-666	00004	1.3e-14	44.9	0.0	5e-13	39.6	0.0	2.0	2	hypothetical protein
cogOTU_2706	4QGQ9	1	Loc090519-4m_megahit_metabat_bin-666	00005	3.3e-05	14.3	0.0	4.1e-05	14.0	0.0	1.1	1	hypothetical protein
cogOTU_2706	4QGQ9	1	Loc080925-5m_megahit_metabat_bin-0263	00001	0.00013	12.4	0.0	0.00013	12.3	0.0	1.1	1	hypothetical protein
