cogOTU_1535	4QHMY	1	Loc080925-4-5m_megahit_metabat_bin-0006	00007	3.7e-07	19.7	1.4	7.9e-07	18.6	0.1	2.1	2	hypothetical protein
cogOTU_1535	4QHMY	1	Loc081215-9m_megahit_metabat_bin-0331	00007	3.7e-07	19.7	1.4	7.9e-07	18.6	0.1	2.1	2	hypothetical protein
cogOTU_1535	4QF26	1	Loc080925-4-5m_megahit_metabat_bin-0006	00010	0.00019	12.0	0.0	0.00048	10.7	0.0	1.6	1	hypothetical protein
cogOTU_1535	4QF26	1	Loc081215-9m_megahit_metabat_bin-0331	00010	0.00019	12.0	0.0	0.00048	10.7	0.0	1.6	1	hypothetical protein
cogOTU_1535	4QEJQ	1	Loc080925-4-5m_megahit_metabat_bin-0006	00010	0.001	9.8	5.2	0.0012	9.6	2.0	2.3	2	hypothetical protein
cogOTU_1535	4QEJQ	1	Loc081215-9m_megahit_metabat_bin-0331	00010	0.001	9.8	5.2	0.0012	9.6	2.0	2.3	2	hypothetical protein
cogOTU_1535	4QGCH	1	Loc080925-4-5m_megahit_metabat_bin-0006	00007	5.3e-11	32.2	3.0	7e-11	31.9	2.7	1.4	1	hypothetical protein
cogOTU_1535	4QGCH	1	Loc081215-9m_megahit_metabat_bin-0331	00007	5.3e-11	32.2	3.0	7e-11	31.9	2.7	1.4	1	hypothetical protein
