cogOTU_121	4QC72	1	Loc081215-9m_megahit_metabat_bin-0817	00011	8.2e-24	76.5	0.2	1.2e-23	76.0	0.2	1.1	1	hypothetical protein
cogOTU_121	4QBA3	1	Loc081215-9m_megahit_metabat_bin-0817	00006	0.0011	11.8	0.1	0.06	6.1	0.0	2.1	2	hypothetical protein
cogOTU_121	4QBA3	1	Loc090519-8-7m_megahit_metabat_bin-2081	00018	0.0011	11.8	0.1	0.06	6.1	0.0	2.1	2	hypothetical protein
cogOTU_121	4QDAM	1	Loc081215-8m_megahit_metabat_bin-1887	00005	0.0016	11.9	0.8	0.11	6.0	0.1	2.4	2	hypothetical protein
cogOTU_121	4QDAM	1	Loc081215-9m_megahit_metabat_bin-0817	00028	0.0016	11.9	0.8	0.11	6.0	0.1	2.4	2	hypothetical protein
cogOTU_121	4QCF7	1	Loc090519-8-7m_megahit_metabat_bin-2081	00003	0.00045	12.4	0.0	0.00046	12.4	0.0	1.0	1	hypothetical protein
cogOTU_121	4QHN8	1	Loc090519-8-7m_megahit_metabat_bin-2081	00013	0.0014	10.8	0.5	0.0012	11.0	0.5	1.0	1	hypothetical protein
cogOTU_121	4QHKW	1	Loc081215-8m_megahit_metabat_bin-1887	00001	0.00021	14.5	0.1	0.00054	13.2	0.0	1.7	1	hypothetical protein
cogOTU_121	4QD0X	1	Loc090519-8-7m_megahit_metabat_bin-2081	00013	0.0011	11.5	0.3	0.00097	11.6	0.3	1.1	1	hypothetical protein
cogOTU_121	4QCT4	1	Loc090519-8-7m_megahit_metabat_bin-2081	00004	0.00062	11.6	0.1	0.001	10.9	0.1	1.3	1	hypothetical protein
cogOTU_121	4QHK2	1	Loc081215-9m_megahit_metabat_bin-0817	00011	1e-38	126.0	0.0	1.5e-38	125.4	0.0	1.2	1	hypothetical protein
cogOTU_121	4QHK2	1	Loc090116-4m_megahit_metabat_bin-0280	00002	2.9e-11	35.2	0.0	3.4e-11	35.0	0.0	1.1	1	hypothetical protein
cogOTU_121	4QGGI	1	Loc081215-9m_megahit_metabat_bin-0817	00004	0.00049	12.7	0.0	0.00065	12.3	0.0	1.1	1	hypothetical protein
cogOTU_121	4QBHS	1	Loc090519-8-7m_megahit_metabat_bin-2081	00005	3.4e-46	151.4	0.0	4e-46	151.1	0.0	1.0	1	hypothetical protein
cogOTU_121	4QBHS	1	Loc081215-5m_megahit_metabat_bin-1206	00005	1.2e-13	44.6	1.9	1.3e-13	44.4	1.9	1.0	1	hypothetical protein
