cogOTU_2296	4QFTX	1	Loc081215-8m_megahit_metabat_bin-2688	00009	5.9e-24	74.9	0.3	7.1e-24	74.6	0.3	1.0	1	hypothetical protein
cogOTU_2296	4QFTX	1	Loc090116-4m_megahit_metabat_bin-0831	00009	5.9e-24	74.9	0.3	7.1e-24	74.6	0.3	1.0	1	hypothetical protein
cogOTU_2296	4QEER	1	Loc081215-8m_megahit_metabat_bin-2688	00010	9.8e-07	19.1	0.0	1.5e-06	18.6	0.0	1.3	1	hypothetical protein
cogOTU_2296	4QEER	1	Loc090116-4m_megahit_metabat_bin-0831	00010	9.8e-07	19.1	0.0	1.5e-06	18.6	0.0	1.3	1	hypothetical protein
cogOTU_2296	4QAWN	1	Loc081215-8m_megahit_metabat_bin-2688	00010	0.00014	12.6	0.0	0.00041	11.1	0.0	1.7	1	hypothetical protein
cogOTU_2296	4QAWN	1	Loc090116-4m_megahit_metabat_bin-0831	00010	0.00014	12.6	0.0	0.00041	11.1	0.0	1.7	1	hypothetical protein
cogOTU_2296	4QAQE	1	Loc081215-8m_megahit_metabat_bin-2688	00007	1.1e-59	193.3	0.1	1.5e-59	192.9	0.1	1.0	1	Tyrosine recombinase XerC
cogOTU_2296	4QAQE	1	Loc090116-4m_megahit_metabat_bin-0831	00007	1.1e-59	193.3	0.1	1.5e-59	192.9	0.1	1.0	1	Tyrosine recombinase XerC
cogOTU_2296	4QGEB	1	Loc081215-8m_megahit_metabat_bin-2688	00010	0.00013	12.5	0.0	0.00026	11.5	0.0	1.5	1	hypothetical protein
cogOTU_2296	4QGEB	1	Loc090116-4m_megahit_metabat_bin-0831	00010	0.00013	12.5	0.0	0.00026	11.5	0.0	1.5	1	hypothetical protein
cogOTU_2296	4QBG5	1	Loc081215-8m_megahit_metabat_bin-2688	00010	2.9e-05	13.9	0.0	3.3e-05	13.7	0.0	1.1	1	hypothetical protein
cogOTU_2296	4QBG5	1	Loc090116-4m_megahit_metabat_bin-0831	00010	2.9e-05	13.9	0.0	3.3e-05	13.7	0.0	1.1	1	hypothetical protein
cogOTU_2296	4QH4M	1	Loc081215-8m_megahit_metabat_bin-2688	00003	1.7e-12	37.3	0.0	5.2e-10	29.0	0.0	2.3	2	hypothetical protein
cogOTU_2296	4QH4M	1	Loc090116-4m_megahit_metabat_bin-0831	00003	1.7e-12	37.3	0.0	5.2e-10	29.0	0.0	2.3	2	hypothetical protein
cogOTU_2296	4QC01	1	Loc081215-8m_megahit_metabat_bin-2688	00006	2.4e-05	14.8	11.7	2.7e-05	14.6	2.0	2.5	2	hypothetical protein
cogOTU_2296	4QC01	1	Loc090116-4m_megahit_metabat_bin-0831	00006	2.4e-05	14.8	11.7	2.7e-05	14.6	2.0	2.5	2	hypothetical protein
