cogOTU_126	4QD9Y	1	Loc081215-5m_megahit_metabat_bin-0532	00008	7.7e-08	24.2	0.0	1.5e-07	23.2	0.0	1.5	1	hypothetical protein
cogOTU_126	4QEFC	0	Loc090116-1m_megahit_metabat_bin-1070	00014	0.031	6.9	6.3	0.044	6.4	6.3	1.2	1	hypothetical protein
cogOTU_126	4QB6P	1	Loc080925-8-8m_megahit_metabat_bin-563	00009	1.9e-05	14.6	2.4	2.1e-05	14.5	2.4	1.0	1	hypothetical protein
cogOTU_126	4QB6P	1	Loc081215-5m_megahit_metabat_bin-0532	00016	1.9e-05	14.6	2.4	2.1e-05	14.5	2.4	1.0	1	hypothetical protein
cogOTU_126	4QB6P	1	Loc081215-9m_megahit_metabat_bin-1020	00013	9.8e-05	12.3	1.9	0.00012	12.0	1.9	1.0	1	hypothetical protein
cogOTU_126	4QB6P	1	Loc090116-1m_megahit_metabat_bin-1070	00022	9.8e-05	12.3	1.9	0.00012	12.0	1.9	1.0	1	hypothetical protein
cogOTU_126	4QB6P	1	Loc090116-8m_megahit_metabat_bin-0161	00014	9.8e-05	12.3	1.9	0.00012	12.0	1.9	1.0	1	hypothetical protein
cogOTU_126	4QB6P	1	Loc080925-8m_megahit_metabat_bin-897	00010	0.00014	11.7	2.0	0.00017	11.5	2.0	1.0	1	hypothetical protein
cogOTU_126	4QD34	1	Loc090116-1m_megahit_metabat_bin-1070	00006	0.0002	14.3	0.0	0.00054	13.0	0.0	1.7	1	hypothetical protein
cogOTU_126	4QB32	1	Loc081215-5m_megahit_metabat_bin-0532	00008	2.8e-07	22.5	0.0	4.4e-07	21.8	0.0	1.2	1	hypothetical protein
cogOTU_126	4QFQ9	1	Loc090116-1m_megahit_metabat_bin-1070	00006	0.002	9.5	0.0	0.0026	9.1	0.0	1.1	1	hypothetical protein
cogOTU_126	4QB5I	1	Loc090116-1m_megahit_metabat_bin-1070	00006	7.9e-15	47.9	0.0	9.5e-15	47.6	0.0	1.0	1	hypothetical protein
cogOTU_126	4QF07	1	Loc080925-8-8m_megahit_metabat_bin-563	00015	0.0005	13.0	0.0	0.00077	12.4	0.0	1.3	1	hypothetical protein
cogOTU_126	4QF07	1	Loc080925-8m_megahit_metabat_bin-897	00004	0.0005	13.0	0.0	0.00077	12.4	0.0	1.3	1	hypothetical protein
cogOTU_126	4QF07	1	Loc081215-5m_megahit_metabat_bin-0532	00003	0.0005	13.0	0.0	0.00077	12.4	0.0	1.3	1	hypothetical protein
cogOTU_126	4QF07	1	Loc090116-8m_megahit_metabat_bin-0161	00017	0.0005	13.0	0.0	0.00077	12.4	0.0	1.3	1	hypothetical protein
