cogOTU_1739	4QFUV	1	Loc080925-5-5m_megahit_metabat_bin-0940	00006	0.00014	13.5	0.1	0.00023	12.9	0.1	1.3	1	hypothetical protein
cogOTU_1739	4QFUV	1	Loc080925-6m_megahit_metabat_bin-1222	00004	0.00014	13.5	0.1	0.00023	12.9	0.1	1.3	1	hypothetical protein
cogOTU_1739	4QFUV	1	Loclat_megahit_metabat_bin-10559	00010	0.00014	13.5	0.1	0.00023	12.9	0.1	1.3	1	hypothetical protein
cogOTU_1739	4QF9D	1	Loc080925-5-5m_megahit_metabat_bin-0940	00010	8.6e-05	14.3	0.5	0.00011	13.9	0.5	1.3	1	hypothetical protein
cogOTU_1739	4QF9D	1	Loc080925-6m_megahit_metabat_bin-1222	00008	8.6e-05	14.3	0.5	0.00011	13.9	0.5	1.3	1	hypothetical protein
cogOTU_1739	4QF9D	1	Loclat_megahit_metabat_bin-10559	00014	8.6e-05	14.3	0.5	0.00011	13.9	0.5	1.3	1	hypothetical protein
