cogOTU_564	4QDXC	0	Loc080925-5m_megahit_metabat_bin-0082	00012	0.064	2.2	8.1	0.086	1.7	8.1	1.1	1	hypothetical protein
cogOTU_564	4QDXC	0	Loc081215-1m_megahit_metabat_bin-0156	00013	0.064	2.2	8.1	0.086	1.7	8.1	1.1	1	hypothetical protein
cogOTU_564	4QDXC	0	Loc081215-6m_megahit_metabat_bin-0293	00010	0.064	2.2	8.1	0.086	1.7	8.1	1.1	1	hypothetical protein
cogOTU_564	4QF2S	0	Loc080925-5m_megahit_metabat_bin-0082	00004	0.041	5.5	8.7	0.015	7.0	0.3	3.1	1	hypothetical protein
cogOTU_564	4QF2S	0	Loc081215-1m_megahit_metabat_bin-0156	00005	0.041	5.5	8.7	0.015	7.0	0.3	3.1	1	hypothetical protein
cogOTU_564	4QF2S	0	Loc081215-6m_megahit_metabat_bin-0293	00002	0.041	5.5	8.7	0.015	7.0	0.3	3.1	1	hypothetical protein
cogOTU_564	4QDEA	0	Loc080925-5m_megahit_metabat_bin-0082	00001	0.02	4.3	21.4	0.023	4.1	21.4	1.0	1	hypothetical protein
cogOTU_564	4QDEA	0	Loc081215-1m_megahit_metabat_bin-0156	00002	0.02	4.3	21.4	0.023	4.1	21.4	1.0	1	hypothetical protein
cogOTU_564	4QDEA	0	Loc081215-6m_megahit_metabat_bin-0293	00013	0.02	4.3	21.4	0.023	4.1	21.4	1.0	1	hypothetical protein
cogOTU_564	4QAVA	1	Loc080925-5m_megahit_metabat_bin-0082	00001	0.0078	5.8	25.3	0.0081	5.8	25.3	1.0	1	hypothetical protein
cogOTU_564	4QAVA	1	Loc081215-1m_megahit_metabat_bin-0156	00002	0.0078	5.8	25.3	0.0081	5.8	25.3	1.0	1	hypothetical protein
cogOTU_564	4QAVA	1	Loc081215-6m_megahit_metabat_bin-0293	00013	0.0078	5.8	25.3	0.0081	5.8	25.3	1.0	1	hypothetical protein
cogOTU_564	4QCGX	1	Loc080925-5m_megahit_metabat_bin-0082	00003	0.00016	13.1	0.1	0.00019	13.0	0.1	1.1	1	hypothetical protein
cogOTU_564	4QCGX	1	Loc081215-1m_megahit_metabat_bin-0156	00004	0.00016	13.1	0.1	0.00019	13.0	0.1	1.1	1	hypothetical protein
cogOTU_564	4QCGX	1	Loc081215-6m_megahit_metabat_bin-0293	00001	0.00016	13.1	0.1	0.00019	13.0	0.1	1.1	1	hypothetical protein
cogOTU_564	4QFR9	1	Loc080925-5m_megahit_metabat_bin-0082	00003	2.5e-05	15.4	0.1	3e-05	15.2	0.1	1.1	1	hypothetical protein
cogOTU_564	4QFR9	1	Loc081215-1m_megahit_metabat_bin-0156	00004	2.5e-05	15.4	0.1	3e-05	15.2	0.1	1.1	1	hypothetical protein
cogOTU_564	4QFR9	1	Loc081215-6m_megahit_metabat_bin-0293	00001	2.5e-05	15.4	0.1	3e-05	15.2	0.1	1.1	1	hypothetical protein
