cogOTU_30	4QGE1	1	Loc090519-6m_megahit_metabat_bin-0129	00025	0.00017	14.5	0.6	0.00021	14.2	0.6	1.1	1	hypothetical protein
cogOTU_30	4QGE1	1	Loc090519-8m_megahit_metabat_bin-1836	00006	0.00017	14.5	0.6	0.00021	14.2	0.6	1.1	1	hypothetical protein
cogOTU_30	4QGE1	1	Loc090721-8-6m_megahit_metabat_bin-0211	00014	0.00017	14.5	0.6	0.00021	14.2	0.6	1.1	1	hypothetical protein
cogOTU_30	4QGE1	1	Loc090721-8m_megahit_metabat_bin-811	00002	0.00017	14.5	0.6	0.00021	14.2	0.6	1.1	1	hypothetical protein
cogOTU_30	4QEFK	0	Loc090519-6m_megahit_metabat_bin-0129	00021	0.011	8.8	7.3	0.012	8.7	7.3	1.1	1	hypothetical protein
cogOTU_30	4QEFK	0	Loc090519-8m_megahit_metabat_bin-1836	00002	0.011	8.8	7.3	0.012	8.7	7.3	1.1	1	hypothetical protein
cogOTU_30	4QEFK	0	Loc090721-8-6m_megahit_metabat_bin-0211	00018	0.011	8.8	7.3	0.012	8.7	7.3	1.1	1	hypothetical protein
cogOTU_30	4QEFK	0	Loc090721-8m_megahit_metabat_bin-811	00006	0.011	8.8	7.3	0.012	8.7	7.3	1.1	1	hypothetical protein
cogOTU_30	4QG2X	1	Loc090519-6m_megahit_metabat_bin-0129	00018	0.002	11.1	3.2	0.0075	9.3	0.9	2.4	2	hypothetical protein
cogOTU_30	4QG2X	1	Loc090721-8-6m_megahit_metabat_bin-0211	00021	0.002	11.1	3.2	0.0075	9.3	0.9	2.4	2	hypothetical protein
cogOTU_30	4QG2X	1	Loc090721-8m_megahit_metabat_bin-811	00009	0.0021	11.1	3.2	0.0075	9.3	0.9	2.4	2	hypothetical protein
cogOTU_30	4QD26	1	Loc090519-6m_megahit_metabat_bin-0129	00003	0.00081	12.6	0.0	0.002	11.3	0.0	1.6	1	hypothetical protein
cogOTU_30	4QD26	1	Loc090519-8m_megahit_metabat_bin-1836	00020	0.00081	12.6	0.0	0.002	11.3	0.0	1.6	1	hypothetical protein
cogOTU_30	4QD26	1	Loc090721-8-6m_megahit_metabat_bin-0211	00005	0.00081	12.6	0.0	0.002	11.3	0.0	1.6	1	hypothetical protein
cogOTU_30	4QD26	1	Loc090721-8m_megahit_metabat_bin-811	00020	0.00081	12.6	0.0	0.002	11.3	0.0	1.6	1	hypothetical protein
