cogOTU_1966	4QBH3	1	Loc090519-8m_megahit_metabat_bin-0824	00014	0.0073	8.3	11.9	0.0087	8.0	11.9	1.2	1	hypothetical protein
cogOTU_1966	4QBH3	1	Loclat_megahit_metabat_bin-07437	00014	0.0073	8.3	11.9	0.0087	8.0	11.9	1.2	1	hypothetical protein
cogOTU_1966	4QCJU	1	Loc090519-8m_megahit_metabat_bin-0824	00015	1.4e-05	16.2	0.0	1.7e-05	15.9	0.0	1.1	1	hypothetical protein
cogOTU_1966	4QCJU	1	Loclat_megahit_metabat_bin-07437	00013	2.3e-05	15.5	0.0	3.4e-05	14.9	0.0	1.2	1	hypothetical protein
cogOTU_1966	4QGE1	1	Loc090519-8m_megahit_metabat_bin-0824	00013	0.00017	13.9	1.4	0.0002	13.7	1.4	1.2	1	hypothetical protein
cogOTU_1966	4QGE1	1	Loclat_megahit_metabat_bin-07437	00015	0.00017	13.9	1.4	0.0002	13.7	1.4	1.2	1	hypothetical protein
cogOTU_1966	4QG6Z	1	Loc090519-6m_megahit_metabat_bin-0719	00014	0.00016	13.2	0.2	0.00034	12.1	0.1	1.5	1	hypothetical protein
cogOTU_1966	4QG6Z	1	Loc090519-8m_megahit_metabat_bin-0824	00005	0.00016	13.2	0.2	0.00034	12.1	0.1	1.5	1	hypothetical protein
cogOTU_1966	4QG6Z	1	Loclat_megahit_metabat_bin-07437	00023	0.00016	13.2	0.2	0.00034	12.1	0.1	1.5	1	hypothetical protein
