cogOTU_2287	4QEQS	1	Loc090721-7m_megahit_metabat_bin-750	00013	0.0004	11.6	1.0	0.00063	10.9	1.0	1.3	1	hypothetical protein
cogOTU_2287	4QEQS	1	Loc090721-8-6m_megahit_metabat_bin-0164	00015	0.0004	11.6	1.0	0.00063	10.9	1.0	1.3	1	hypothetical protein
