cogOTU_1514	4QD4V	1	Loc090402-1m_megahit_metabat_bin-0506	00010	0.00025	12.8	0.0	0.00041	12.1	0.0	1.4	1	hypothetical protein
cogOTU_1514	4QD4V	1	Loc090402-4m_megahit_metabat_bin-0417	00010	0.00025	12.8	0.0	0.00041	12.1	0.0	1.4	1	hypothetical protein
