cogOTU_2798	4QD9Y	1	Loc081215-4m_megahit_metabat_bin-2053	00013	1.5e-26	83.8	0.0	1.7e-26	83.6	0.0	1.0	1	hypothetical protein
cogOTU_2798	4QB32	1	Loc081215-4m_megahit_metabat_bin-2053	00013	5.3e-12	35.9	0.0	1.2e-11	34.8	0.0	1.5	1	hypothetical protein
cogOTU_2798	4QBCP	1	Loc081215-1m_megahit_metabat_bin-1699	00006	3.8e-05	14.0	0.1	0.002	8.4	0.0	2.4	2	hypothetical protein
cogOTU_2798	4QBCP	1	Loc081215-9m_megahit_metabat_bin-0868	00004	3.9e-05	14.0	0.1	0.002	8.4	0.0	2.4	2	hypothetical protein
cogOTU_2798	4QBCP	1	Loc081215-4m_megahit_metabat_bin-2053	00007	7.4e-05	13.1	0.1	0.002	8.4	0.0	2.3	2	hypothetical protein
cogOTU_2798	4QAUF	1	Loc081215-4m_megahit_metabat_bin-2053	00012	9.4e-41	130.6	6.9	1.3e-40	130.1	6.9	1.1	1	hypothetical protein
cogOTU_2798	4QAUF	1	Loc081215-1m_megahit_metabat_bin-1699	00001	2.1e-31	99.7	0.6	2.7e-31	99.3	0.6	1.0	1	hypothetical protein
cogOTU_2798	4QC1Z	1	Loc081215-4m_megahit_metabat_bin-2053	00013	1.2e-06	18.5	0.0	1.1e-05	15.3	0.0	1.9	2	hypothetical protein
cogOTU_2798	4QH61	1	Loc081215-4m_megahit_metabat_bin-2053	00013	0.00021	11.0	0.0	0.00027	10.6	0.0	1.2	1	hypothetical protein
cogOTU_2798	4QEFV	1	Loc081215-4m_megahit_metabat_bin-2053	00013	5.4e-05	13.0	0.0	0.00024	10.9	0.0	1.8	1	hypothetical protein
cogOTU_2798	4QC50	1	Loc081215-4m_megahit_metabat_bin-2053	00007	9.2e-05	13.4	3.1	0.00048	11.1	0.5	2.2	2	hypothetical protein
cogOTU_2798	4QC50	1	Loc081215-1m_megahit_metabat_bin-1699	00006	0.00014	12.9	3.1	0.00048	11.1	0.5	2.2	2	hypothetical protein
cogOTU_2798	4QC50	1	Loc081215-9m_megahit_metabat_bin-0868	00004	0.00014	12.9	3.1	0.00049	11.1	0.5	2.2	2	hypothetical protein
cogOTU_2798	4QG21	1	Loc081215-4m_megahit_metabat_bin-2053	00013	3.3e-07	20.0	0.0	0.0001	11.9	0.0	2.0	2	hypothetical protein
