cogOTU_1766	4QH3H	1	Loc090519-6m_megahit_metabat_bin-0599	00022	6e-05	14.0	0.7	0.00021	12.2	0.0	2.3	1	hypothetical protein
cogOTU_1766	4QH3H	1	Loc090519-7m_megahit_metabat_bin-1187	00023	6e-05	14.0	0.7	0.00021	12.2	0.0	2.3	1	hypothetical protein
cogOTU_1766	4QAXN	1	Loc090519-6m_megahit_metabat_bin-0599	00022	9.7e-73	236.9	22.2	1.1e-60	197.4	1.5	3.9	3	hypothetical protein
cogOTU_1766	4QAXN	1	Loc090519-7m_megahit_metabat_bin-1187	00023	9.7e-73	236.9	22.2	1.1e-60	197.4	1.5	3.9	3	hypothetical protein
cogOTU_1766	4QG4K	1	Loc090519-6m_megahit_metabat_bin-0599	00014	8.5e-06	16.7	0.5	8.5e-06	16.7	0.5	1.0	1	hypothetical protein
cogOTU_1766	4QG4K	1	Loc090519-7m_megahit_metabat_bin-1187	00012	8.5e-06	16.7	0.5	8.5e-06	16.7	0.5	1.0	1	hypothetical protein
cogOTU_1766	4QAQE	1	Loc090519-6m_megahit_metabat_bin-0599	00004	1.5e-23	75.4	13.3	2.2e-23	74.9	13.3	1.1	1	hypothetical protein
cogOTU_1766	4QAQE	1	Loc090519-7m_megahit_metabat_bin-1187	00018	1.5e-23	75.4	13.3	2.2e-23	74.9	13.3	1.1	1	hypothetical protein
cogOTU_1766	4QAQE	1	Loc090519-7m_megahit_metabat_bin-1187	00009	4.4e-10	31.2	1.2	7e-10	30.5	1.2	1.3	1	hypothetical protein
cogOTU_1766	4QHK4	1	Loc090519-6m_megahit_metabat_bin-0599	00009	0.00014	13.5	0.2	0.00037	12.2	0.2	1.8	1	hypothetical protein
cogOTU_1766	4QHMU	1	Loc090519-6m_megahit_metabat_bin-0599	00010	0.00014	12.4	0.1	0.00019	12.0	0.1	1.3	1	hypothetical protein
cogOTU_1766	4QCRI	1	Loc090519-6m_megahit_metabat_bin-0599	00013	0.00013	12.6	0.3	0.00024	11.7	0.1	1.6	2	hypothetical protein
cogOTU_1766	4QCRI	1	Loc090519-7m_megahit_metabat_bin-1187	00011	0.00013	12.6	0.3	0.00024	11.7	0.1	1.6	2	hypothetical protein
cogOTU_1766	4QDQD	1	Loc090519-7m_megahit_metabat_bin-1187	00006	0.00023	12.9	0.1	0.0003	12.5	0.1	1.3	1	hypothetical protein
cogOTU_1766	4QC1V	1	Loc090519-6m_megahit_metabat_bin-0599	00020	0.00019	13.4	0.0	0.00021	13.2	0.0	1.2	1	hypothetical protein
cogOTU_1766	4QC1V	1	Loc090519-7m_megahit_metabat_bin-1187	00025	0.00019	13.4	0.0	0.00021	13.2	0.0	1.2	1	hypothetical protein
cogOTU_1766	4QDAJ	1	Loc090519-6m_megahit_metabat_bin-0599	00009	2.8e-05	16.3	0.0	4e-05	15.7	0.0	1.2	1	hypothetical protein
cogOTU_1766	4QDAJ	1	Loc090519-7m_megahit_metabat_bin-1187	00006	0.00022	13.4	0.0	0.00024	13.3	0.0	1.2	1	hypothetical protein
