cogOTU_834	4QB2A	1	Loc090402-7m_megahit_metabat_bin-0469	00017	0.003	8.6	8.6	0.0065	7.5	8.6	1.6	1	hypothetical protein
cogOTU_834	4QAKR	1	Loc090402-7m_megahit_metabat_bin-0469	00001	3.3e-19	60.0	0.1	4.4e-19	59.6	0.1	1.1	1	hypothetical protein
cogOTU_834	4QAKR	1	Loc090402-4m_megahit_metabat_bin-0214	00016	4.5e-19	59.6	0.0	5.9e-19	59.2	0.0	1.1	1	hypothetical protein
cogOTU_834	4QBMH	1	Loc090402-7m_megahit_metabat_bin-0469	00004	0.0017	9.4	3.6	0.0027	8.7	3.6	1.3	1	hypothetical protein
cogOTU_834	4QC6U	1	Loc090402-7m_megahit_metabat_bin-0469	00004	0.0022	7.4	7.8	0.0028	7.1	7.8	1.1	1	hypothetical protein
cogOTU_834	4QEZS	1	Loc090402-4m_megahit_metabat_bin-0214	00002	0.00069	9.5	22.1	0.00075	9.4	22.1	1.0	1	hypothetical protein
cogOTU_834	4QEZS	1	Loc090402-7m_megahit_metabat_bin-0469	00004	0.0022	7.9	21.3	0.0028	7.5	21.3	1.1	1	hypothetical protein
cogOTU_834	4QEBW	0	Loc090402-7m_megahit_metabat_bin-0469	00004	0.05	3.9	15.0	0.072	3.4	15.0	1.1	1	hypothetical protein
cogOTU_834	4QCUK	1	Loc090402-7m_megahit_metabat_bin-0469	00004	0.0014	8.5	14.2	0.0017	8.3	14.2	1.0	1	hypothetical protein
cogOTU_834	4QCUK	0	Loc090402-4m_megahit_metabat_bin-0214	00002	0.011	5.6	19.2	0.011	5.6	19.2	1.0	1	hypothetical protein
