cogOTU_2783	4QAPV	1	Loc080925-6m_megahit_metabat_bin-0308	00006	0.00014	13.8	0.4	0.00015	13.8	0.4	1.1	1	hypothetical protein
cogOTU_2783	4QAPV	1	Loc080925-7m_megahit_metabat_bin-0385	00008	0.00014	13.8	0.4	0.00015	13.8	0.4	1.1	1	hypothetical protein
cogOTU_2783	4QG4C	1	Loclat_megahit_metabat_bin-17685	00001	0.00022	12.9	0.1	0.0016	10.1	0.0	2.1	2	hypothetical protein
cogOTU_2783	4QHCY	1	Loc080925-6m_megahit_metabat_bin-0308	00005	7.3e-05	14.3	0.0	0.00012	13.6	0.0	1.3	1	hypothetical protein
cogOTU_2783	4QHCY	1	Loc080925-7m_megahit_metabat_bin-0385	00009	7.3e-05	14.3	0.0	0.00012	13.6	0.0	1.3	1	hypothetical protein
cogOTU_2783	4QCRZ	1	Loclat_megahit_metabat_bin-17685	00003	0.00038	11.7	0.8	0.1	3.8	0.0	4.2	2	hypothetical protein
cogOTU_2783	4QBFI	1	Loclat_megahit_metabat_bin-17685	00003	0.00017	13.3	4.1	0.033	5.9	0.0	5.1	4	hypothetical protein
cogOTU_2783	4QG66	1	Loc080925-6m_megahit_metabat_bin-0308	00004	0.00016	12.9	0.3	0.0011	10.2	0.1	2.0	2	hypothetical protein
cogOTU_2783	4QG66	1	Loc080925-7m_megahit_metabat_bin-0385	00010	0.00016	12.9	0.3	0.0011	10.2	0.1	2.0	2	hypothetical protein
cogOTU_2783	4QCG8	1	Loc080925-6m_megahit_metabat_bin-0308	00008	1.4e-06	19.6	0.4	1.7e-06	19.4	0.4	1.1	1	hypothetical protein
cogOTU_2783	4QCG8	1	Loc080925-7m_megahit_metabat_bin-0385	00005	1.4e-06	19.6	0.4	1.7e-06	19.4	0.4	1.1	1	hypothetical protein
cogOTU_2783	4QCG8	1	Loclat_megahit_metabat_bin-17685	00008	1.4e-06	19.6	0.4	1.7e-06	19.4	0.4	1.1	1	hypothetical protein
cogOTU_2783	4QFSX	1	Loclat_megahit_metabat_bin-17685	00003	3.6e-08	24.4	8.9	0.0047	7.6	0.1	5.8	5	hypothetical protein
