cogOTU_1244	4QD6Q	1	Loc090116-7m_megahit_metabat_bin-0603	00014	0.00024	13.4	2.1	0.00041	12.7	2.1	1.3	1	hypothetical protein
cogOTU_1244	4QFYC	1	Loc081215-1m_megahit_metabat_bin-0869	00009	0.00037	10.6	0.3	0.00038	10.6	0.3	1.0	1	hypothetical protein
cogOTU_1244	4QFYC	1	Loc090116-7m_megahit_metabat_bin-0603	00004	0.00037	10.6	0.3	0.00038	10.6	0.3	1.0	1	hypothetical protein
cogOTU_1244	4QFYC	1	Loc090116-8m_megahit_metabat_bin-1621	00007	0.00037	10.6	0.3	0.00038	10.6	0.3	1.0	1	hypothetical protein
cogOTU_1244	4QFYC	1	Loc090519-6m_megahit_metabat_bin-0942	00007	0.00037	10.6	0.3	0.00038	10.6	0.3	1.0	1	hypothetical protein
