cogOTU_57	4QH1H	1	Loc081215-9m_megahit_metabat_bin-0725	00039	0.0011	11.0	0.2	0.0012	10.9	0.2	1.1	1	hypothetical protein
cogOTU_57	4QH1H	1	Loc090116-1m_megahit_metabat_bin-1461	00044	0.0011	11.0	0.2	0.0012	10.9	0.2	1.1	1	hypothetical protein
cogOTU_57	4QH1H	1	Loc090116-4m_megahit_metabat_bin-0943	00042	0.0011	11.0	0.2	0.0012	10.9	0.2	1.1	1	hypothetical protein
cogOTU_57	4QH1H	1	Loc090116-7m_megahit_metabat_bin-0874	00016	0.0011	11.0	0.2	0.0012	10.9	0.2	1.1	1	hypothetical protein
cogOTU_57	4QCAR	1	Loc081215-9m_megahit_metabat_bin-0725	00042	0.0072	10.3	1.7	0.19	5.8	0.2	2.3	2	hypothetical protein
cogOTU_57	4QCAR	1	Loc090116-1m_megahit_metabat_bin-1461	00028	0.0072	10.3	1.7	0.19	5.8	0.2	2.3	2	hypothetical protein
cogOTU_57	4QCAR	1	Loc090116-4m_megahit_metabat_bin-0943	00006	0.0072	10.3	1.7	0.19	5.8	0.2	2.3	2	hypothetical protein
cogOTU_57	4QCAR	1	Loc090116-7m_megahit_metabat_bin-0874	00019	0.0073	10.3	1.7	0.19	5.8	0.2	2.3	2	hypothetical protein
cogOTU_57	4QAY6	1	Loc081215-9m_megahit_metabat_bin-0725	00031	0.0027	11.6	1.8	0.02	8.8	0.4	2.2	2	hypothetical protein
cogOTU_57	4QAY6	1	Loc090116-1m_megahit_metabat_bin-1461	00033	0.0027	11.6	1.8	0.02	8.8	0.4	2.2	2	hypothetical protein
cogOTU_57	4QAY6	1	Loc090116-4m_megahit_metabat_bin-0943	00001	0.0027	11.6	1.8	0.02	8.8	0.4	2.2	2	hypothetical protein
cogOTU_57	4QAY6	1	Loc090116-7m_megahit_metabat_bin-0874	00008	0.0027	11.6	1.8	0.02	8.8	0.4	2.2	2	hypothetical protein
cogOTU_57	4QCQI	1	Loc090116-1m_megahit_metabat_bin-1461	00024	0.00077	13.3	0.1	0.08	6.7	0.0	3.0	3	hypothetical protein
cogOTU_57	4QDZ6	1	Loc081215-9m_megahit_metabat_bin-0725	00004	0.00017	15.5	0.1	0.00032	14.7	0.1	1.4	1	hypothetical protein
cogOTU_57	4QDZ6	1	Loc090116-4m_megahit_metabat_bin-0943	00026	0.00017	15.5	0.1	0.00032	14.7	0.1	1.4	1	hypothetical protein
cogOTU_57	4QDZ6	1	Loc090116-7m_megahit_metabat_bin-0874	00048	0.00017	15.5	0.1	0.00032	14.7	0.1	1.4	1	hypothetical protein
