cogOTU_1737	4QB9J	1	Loc081215-4m_megahit_metabat_bin-0968	00011	0.00026	9.8	1.7	0.00036	9.4	1.7	1.1	1	hypothetical protein
cogOTU_1737	4QEW8	0	Loc081215-4m_megahit_metabat_bin-0968	00011	0.014	5.4	7.0	0.064	3.2	0.0	2.5	2	hypothetical protein
cogOTU_1737	4QHM7	1	Loc081215-4m_megahit_metabat_bin-0968	00006	1e-05	15.5	0.0	1.1e-05	15.4	0.0	1.0	1	hypothetical protein
cogOTU_1737	4QGKK	1	Loc081215-5m_megahit_metabat_bin-2165	00002	0.0043	8.7	5.1	0.00065	11.3	0.9	1.7	1	hypothetical protein
cogOTU_1737	4QAZY	1	Loc081215-4m_megahit_metabat_bin-0968	00001	2.7e-06	18.1	0.0	3.4e-06	17.7	0.0	1.1	1	hypothetical protein
cogOTU_1737	4QAZY	1	Loc081215-5m_megahit_metabat_bin-2165	00010	2.7e-06	18.1	0.0	3.4e-06	17.7	0.0	1.1	1	hypothetical protein
cogOTU_1737	4QGIC	1	Loc081215-4m_megahit_metabat_bin-0968	00008	0.0018	8.5	31.4	0.0023	8.1	31.4	1.2	1	hypothetical protein
cogOTU_1737	4QGIC	1	Loc081215-5m_megahit_metabat_bin-2165	00005	0.0018	8.5	31.4	0.0023	8.1	31.4	1.2	1	hypothetical protein
cogOTU_1737	4QEBP	0	Loc081215-5m_megahit_metabat_bin-2165	00001	0.013	3.2	6.4	0.018	2.8	6.4	1.0	1	hypothetical protein
cogOTU_1737	4QAIJ	1	Loc081215-4m_megahit_metabat_bin-0968	00005	3.9e-82	267.0	0.0	2.5e-80	261.1	0.0	2.0	1	hypothetical protein
cogOTU_1737	4QFEB	1	Loc081215-5m_megahit_metabat_bin-2165	00006	6.8e-06	15.8	8.3	7.5e-06	15.6	8.3	1.0	1	hypothetical protein
cogOTU_1737	4QFEB	1	Loc081215-4m_megahit_metabat_bin-0968	00007	0.00015	11.3	5.2	0.00016	11.2	5.2	1.1	1	hypothetical protein
cogOTU_1737	4QEQU	1	Loc081215-4m_megahit_metabat_bin-0968	00011	0.00036	9.9	0.0	0.00053	9.4	0.0	1.1	1	hypothetical protein
cogOTU_1737	4QH63	1	Loc081215-4m_megahit_metabat_bin-0968	00011	0.00079	9.3	2.4	0.00078	9.4	0.4	1.9	1	hypothetical protein
cogOTU_1737	4QEZR	1	Loc081215-4m_megahit_metabat_bin-0968	00006	5e-06	16.6	0.0	5.2e-06	16.5	0.0	1.0	1	hypothetical protein
cogOTU_1737	4QGQY	1	Loc081215-4m_megahit_metabat_bin-0968	00006	2.9e-05	14.4	0.3	3e-05	14.4	0.3	1.0	1	hypothetical protein
cogOTU_1737	4QFY2	1	Loc081215-4m_megahit_metabat_bin-0968	00011	3.2e-05	15.2	0.9	8.8e-05	13.8	0.9	1.7	1	hypothetical protein
