cogOTU_2135	4QDJW	1	Loc090402-8-9m_megahit_metabat_bin-0035	00015	2.3e-05	13.9	0.4	2.9e-05	13.5	0.4	1.1	1	hypothetical protein
cogOTU_2135	4QDJW	1	Loc090519-5m_megahit_metabat_bin-0002	00007	2.3e-05	13.9	0.4	2.9e-05	13.5	0.4	1.1	1	hypothetical protein
cogOTU_2135	4QFFR	1	Loc090402-8-9m_megahit_metabat_bin-0035	00006	0.00022	12.3	6.1	0.00074	10.6	5.5	1.8	2	hypothetical protein
cogOTU_2135	4QFFR	1	Loc090519-5m_megahit_metabat_bin-0002	00016	0.00022	12.2	6.1	0.00074	10.6	5.5	1.8	2	hypothetical protein
cogOTU_2135	4QDV6	0	Loc090519-5m_megahit_metabat_bin-0002	00018	0.026	5.3	11.5	0.027	5.3	9.7	1.9	1	hypothetical protein
cogOTU_2135	4QDVK	1	Loc090519-5m_megahit_metabat_bin-0002	00002	0.01	5.5	7.0	0.0033	7.0	1.5	2.0	2	hypothetical protein
cogOTU_2135	4QDVK	0	Loc090402-8-9m_megahit_metabat_bin-0035	00002	0.046	3.3	7.0	0.0033	7.0	1.5	1.7	2	hypothetical protein
cogOTU_2135	4QFQZ	1	Loc090402-8-9m_megahit_metabat_bin-0035	00010	0.00016	12.7	0.0	0.00026	12.0	0.0	1.3	1	hypothetical protein
cogOTU_2135	4QFQZ	1	Loc090519-5m_megahit_metabat_bin-0002	00012	0.00016	12.7	0.0	0.00026	12.0	0.0	1.3	1	hypothetical protein
cogOTU_2135	4QCT7	1	Loc090519-5m_megahit_metabat_bin-0002	00004	6.9e-08	24.0	0.0	1e-07	23.4	0.0	1.3	1	hypothetical protein
cogOTU_2135	4QAZJ	1	Loc090519-5m_megahit_metabat_bin-0002	00006	1.2e-05	15.0	0.0	1.7e-05	14.5	0.0	1.2	1	hypothetical protein
cogOTU_2135	4QEBW	1	Loc090519-5m_megahit_metabat_bin-0002	00018	9.9e-06	16.1	0.6	2.5e-05	14.8	0.6	1.6	1	hypothetical protein
