cogOTU_446	4QB79	1	Loc090402-8-9m_megahit_metabat_bin-0829	00017	5.6e-16	50.0	0.0	1.2e-15	48.9	0.0	1.6	1	hypothetical protein
cogOTU_446	4QB79	1	Loc090402-8m_megahit_metabat_bin-0021	00011	5.6e-16	50.0	0.0	1.2e-15	48.9	0.0	1.6	1	hypothetical protein
cogOTU_446	4QB79	1	Loc090519-8m_megahit_metabat_bin-1630	00001	5.9e-16	50.0	0.0	1.3e-15	48.9	0.0	1.6	1	hypothetical protein
cogOTU_446	4QEGE	1	Loc090402-8-9m_megahit_metabat_bin-0829	00010	0.00015	13.2	0.0	0.00018	13.0	0.0	1.3	1	hypothetical protein
cogOTU_446	4QEGE	1	Loc090402-8m_megahit_metabat_bin-0021	00004	0.00015	13.2	0.0	0.00018	13.0	0.0	1.3	1	hypothetical protein
cogOTU_446	4QEGE	1	Loc090519-8m_megahit_metabat_bin-1630	00009	0.00015	13.2	0.0	0.00018	13.0	0.0	1.3	1	hypothetical protein
cogOTU_446	4QE50	1	Loc090402-8-9m_megahit_metabat_bin-0829	00016	1.5e-16	51.9	0.9	1.8e-16	51.7	0.9	1.1	1	hypothetical protein
cogOTU_446	4QE50	1	Loc090402-8m_megahit_metabat_bin-0021	00010	1.5e-16	51.9	0.9	1.8e-16	51.7	0.9	1.1	1	hypothetical protein
cogOTU_446	4QE50	1	Loc090519-8m_megahit_metabat_bin-1630	00002	1.5e-16	51.9	0.9	1.8e-16	51.7	0.9	1.1	1	hypothetical protein
cogOTU_446	4QFI8	1	Loc090402-8-9m_megahit_metabat_bin-0829	00002	0.00026	12.0	0.1	0.00029	11.8	0.1	1.1	1	hypothetical protein
cogOTU_446	4QEMB	1	Loc090402-8-9m_megahit_metabat_bin-0829	00016	8.6e-05	13.9	0.3	9.2e-05	13.8	0.3	1.1	1	hypothetical protein
cogOTU_446	4QEMB	1	Loc090402-8m_megahit_metabat_bin-0021	00010	8.6e-05	13.9	0.3	9.2e-05	13.8	0.3	1.1	1	hypothetical protein
cogOTU_446	4QEMB	1	Loc090519-8m_megahit_metabat_bin-1630	00002	8.6e-05	13.9	0.3	9.2e-05	13.8	0.3	1.1	1	hypothetical protein
cogOTU_446	4QD1J	1	Loc090402-8-9m_megahit_metabat_bin-0829	00016	1.5e-11	35.8	1.8	2e-11	35.4	1.8	1.2	1	hypothetical protein
cogOTU_446	4QD1J	1	Loc090402-8m_megahit_metabat_bin-0021	00010	1.5e-11	35.8	1.8	2e-11	35.4	1.8	1.2	1	hypothetical protein
cogOTU_446	4QD1J	1	Loc090519-8m_megahit_metabat_bin-1630	00002	1.5e-11	35.8	1.8	2e-11	35.4	1.8	1.2	1	hypothetical protein
cogOTU_446	4QEGK	1	Loc090402-8-9m_megahit_metabat_bin-0829	00017	0.0039	8.1	8.1	0.0097	6.8	8.1	1.6	1	hypothetical protein
cogOTU_446	4QEGK	1	Loc090402-8m_megahit_metabat_bin-0021	00011	0.0039	8.1	8.1	0.0097	6.8	8.1	1.6	1	hypothetical protein
cogOTU_446	4QEGK	1	Loc090519-8m_megahit_metabat_bin-1630	00001	0.004	8.1	8.1	0.01	6.8	8.1	1.6	1	hypothetical protein
cogOTU_446	4QH03	1	Loc090402-8-9m_megahit_metabat_bin-0829	00002	3.3e-05	15.7	0.0	3.6e-05	15.5	0.0	1.1	1	hypothetical protein
