cogOTU_2549	4QGRJ	1	Loc081215-4m_megahit_metabat_bin-0696	00003	5.7e-05	14.2	2.9	0.013	6.6	0.6	3.0	2	hypothetical protein
cogOTU_2549	4QGRJ	1	Loc081215-9m_megahit_metabat_bin-1321	00004	5.7e-05	14.2	2.9	0.013	6.6	0.6	3.0	2	hypothetical protein
cogOTU_2549	4QDZJ	1	Loc081215-4m_megahit_metabat_bin-0696	00007	0.00014	12.8	2.1	0.00023	12.1	1.7	1.6	1	hypothetical protein
cogOTU_2549	4QDZJ	1	Loc081215-9m_megahit_metabat_bin-1321	00008	0.00014	12.8	2.1	0.00023	12.1	1.7	1.6	1	hypothetical protein
cogOTU_2549	4QBIH	1	Loc081215-4m_megahit_metabat_bin-0696	00011	5.9e-55	177.8	0.0	7e-55	177.6	0.0	1.0	1	hypothetical protein
cogOTU_2549	4QBIH	1	Loc081215-9m_megahit_metabat_bin-1321	00012	5.9e-55	177.8	0.0	7e-55	177.6	0.0	1.0	1	hypothetical protein
cogOTU_2549	4QBIH	1	Loc081215-4m_megahit_metabat_bin-0696	00006	1.9e-36	116.8	0.0	2.3e-36	116.5	0.0	1.0	1	hypothetical protein
cogOTU_2549	4QBIH	1	Loc081215-9m_megahit_metabat_bin-1321	00007	1.9e-36	116.8	0.0	2.3e-36	116.5	0.0	1.0	1	hypothetical protein
cogOTU_2549	4QAWG	1	Loc081215-9m_megahit_metabat_bin-1321	00015	1.8e-08	24.8	0.0	3.1e-08	24.1	0.0	1.3	1	hypothetical protein
cogOTU_2549	4QAWG	1	Loc081215-4m_megahit_metabat_bin-0696	00014	8e-07	19.4	0.0	1.3e-06	18.7	0.0	1.3	1	hypothetical protein
cogOTU_2549	4QGZS	1	Loc081215-4m_megahit_metabat_bin-0696	00007	3.5e-05	14.5	0.0	7.6e-05	13.5	0.0	1.6	1	hypothetical protein
cogOTU_2549	4QGZS	1	Loc081215-9m_megahit_metabat_bin-1321	00008	3.5e-05	14.5	0.0	7.6e-05	13.5	0.0	1.6	1	hypothetical protein
