cogOTU_486	4QGED	1	Loc081215-1m_megahit_metabat_bin-1444	00002	0.00016	13.5	0.0	0.00018	13.4	0.0	1.0	1	hypothetical protein
cogOTU_486	4QDBZ	1	Loc081215-1m_megahit_metabat_bin-1444	00027	0.00015	14.2	0.6	0.00015	14.2	0.6	1.8	1	hypothetical protein
cogOTU_486	4QDBZ	1	Loc081215-6m_megahit_metabat_bin-1353	00022	0.00018	14.0	0.6	0.00018	14.0	0.6	1.8	1	hypothetical protein
cogOTU_486	4QCHB	1	Loc081215-1m_megahit_metabat_bin-1444	00027	0.0003	12.9	0.0	0.0005	12.2	0.0	1.4	1	hypothetical protein
cogOTU_486	4QCHB	1	Loc081215-6m_megahit_metabat_bin-1353	00022	0.00032	12.8	0.0	0.00056	12.0	0.0	1.5	1	hypothetical protein
cogOTU_486	4QECB	1	Loc081215-1m_megahit_metabat_bin-1444	00021	1.1e-08	27.2	0.0	1.3e-08	27.0	0.0	1.1	1	hypothetical protein
cogOTU_486	4QECB	1	Loc081215-6m_megahit_metabat_bin-1353	00014	1.1e-08	27.2	0.0	1.3e-08	27.0	0.0	1.1	1	hypothetical protein
cogOTU_486	4QAQE	1	Loc081215-6m_megahit_metabat_bin-1353	00029	4.1e-23	74.4	0.0	4.8e-23	74.2	0.0	1.0	1	hypothetical protein
cogOTU_486	4QAQE	1	Loc081215-1m_megahit_metabat_bin-1444	00033	4.5e-23	74.3	0.0	5.2e-23	74.1	0.0	1.0	1	hypothetical protein
cogOTU_486	4QCM7	1	Loc081215-1m_megahit_metabat_bin-1444	00007	3.5e-32	103.7	0.0	4.5e-32	103.4	0.0	1.0	1	hypothetical protein
cogOTU_486	4QBH7	1	Loc081215-1m_megahit_metabat_bin-1444	00007	0.0005	10.9	0.0	0.0006	10.7	0.0	1.1	1	hypothetical protein
cogOTU_486	4QGYD	1	Loc081215-1m_megahit_metabat_bin-1444	00020	0.00036	11.5	0.0	0.00036	11.5	0.0	1.0	1	hypothetical protein
cogOTU_486	4QGYD	1	Loc081215-6m_megahit_metabat_bin-1353	00013	0.00036	11.5	0.0	0.00036	11.5	0.0	1.0	1	hypothetical protein
cogOTU_486	4QE2W	1	Loc081215-1m_megahit_metabat_bin-1444	00024	2.5e-18	58.0	12.1	4.7e-15	47.2	9.3	3.2	2	hypothetical protein
cogOTU_486	4QE2W	1	Loc081215-6m_megahit_metabat_bin-1353	00017	2.5e-18	58.0	12.1	4.7e-15	47.2	9.3	3.2	2	hypothetical protein
