cogOTU_1215	4QBSJ	1	Loc090519-8m_megahit_metabat_bin-0831	00005	6.2e-05	13.1	0.2	7.1e-05	13.0	0.2	1.1	1	hypothetical protein
cogOTU_1215	4QBSJ	1	Loc090519-7m_megahit_metabat_bin-0500	00003	7.2e-05	12.9	0.2	8.1e-05	12.8	0.2	1.1	1	hypothetical protein
cogOTU_1215	4QF41	1	Loc090519-8m_megahit_metabat_bin-0831	00009	5.5e-05	13.8	0.3	5.5e-05	13.8	0.3	1.1	1	hypothetical protein
cogOTU_1215	4QF41	1	Loc090519-7m_megahit_metabat_bin-0500	00013	0.00011	12.9	0.2	0.00011	12.9	0.2	1.1	1	hypothetical protein
