cogOTU_2214	4QCGT	1	Loc090116-1m_megahit_metabat_bin-0648	00010	0.00037	12.5	0.0	0.00039	12.4	0.0	1.1	1	hypothetical protein
cogOTU_2214	4QDF1	1	Loc081215-5m_megahit_metabat_bin-0393	00012	6.4e-05	12.8	0.2	7e-05	12.7	0.2	1.2	1	hypothetical protein
cogOTU_2214	4QDF1	1	Loc090116-1m_megahit_metabat_bin-0648	00008	6.4e-05	12.8	0.2	7e-05	12.7	0.2	1.2	1	hypothetical protein
cogOTU_2214	4QB0E	1	Loc081215-5m_megahit_metabat_bin-0393	00005	2.2e-47	152.3	1.2	2.5e-47	152.1	1.2	1.0	1	hypothetical protein
cogOTU_2214	4QB0E	1	Loc090116-1m_megahit_metabat_bin-0648	00001	2.2e-47	152.3	1.2	2.5e-47	152.1	1.2	1.0	1	hypothetical protein
cogOTU_2214	4QC8N	1	Loc081215-5m_megahit_metabat_bin-0393	00016	6.7e-11	33.5	0.1	2.2e-10	31.8	0.0	1.8	2	hypothetical protein
cogOTU_2214	4QC8N	1	Loc090116-1m_megahit_metabat_bin-0648	00012	6.9e-10	30.2	0.1	2.3e-09	28.5	0.0	1.8	2	hypothetical protein
cogOTU_2214	4QEKB	1	Loc081215-5m_megahit_metabat_bin-0393	00022	8.5e-07	20.3	0.0	1.7e-06	19.4	0.0	1.5	1	hypothetical protein
cogOTU_2214	4QEKB	1	Loc090116-1m_megahit_metabat_bin-0648	00018	8.5e-07	20.3	0.0	1.7e-06	19.4	0.0	1.5	1	hypothetical protein
cogOTU_2214	4QBP0	1	Loc081215-5m_megahit_metabat_bin-0393	00002	1.8e-05	16.2	1.4	4.9e-05	14.8	1.4	1.8	1	hypothetical protein
cogOTU_2214	4QD62	1	Loc081215-5m_megahit_metabat_bin-0393	00005	4.2e-05	15.3	2.4	0.00037	12.3	0.1	2.8	3	hypothetical protein
cogOTU_2214	4QD62	1	Loc090116-1m_megahit_metabat_bin-0648	00001	4.2e-05	15.3	2.4	0.00037	12.3	0.1	2.8	3	hypothetical protein
cogOTU_2214	4QCXT	1	Loc081215-5m_megahit_metabat_bin-0393	00016	1.6e-08	25.7	0.2	3.8e-07	21.2	0.1	2.2	2	hypothetical protein
cogOTU_2214	4QCXT	1	Loc090116-1m_megahit_metabat_bin-0648	00012	1e-07	23.1	0.1	2.7e-06	18.4	0.0	2.2	2	hypothetical protein
cogOTU_2214	4QHKM	1	Loc081215-5m_megahit_metabat_bin-0393	00012	4.9e-05	14.8	0.4	5.2e-05	14.7	0.4	1.1	1	hypothetical protein
cogOTU_2214	4QHKM	1	Loc090116-1m_megahit_metabat_bin-0648	00008	4.9e-05	14.8	0.4	5.2e-05	14.7	0.4	1.1	1	hypothetical protein
cogOTU_2214	4QCWJ	1	Loc081215-5m_megahit_metabat_bin-0393	00012	5e-05	15.1	0.7	9.2e-05	14.2	0.2	1.7	1	hypothetical protein
cogOTU_2214	4QCWJ	1	Loc090116-1m_megahit_metabat_bin-0648	00008	5e-05	15.1	0.7	9.2e-05	14.2	0.2	1.7	1	hypothetical protein
