cogOTU_2735	4QAN5	1	Loc080925-8m_megahit_metabat_bin-173	00013	0.00023	12.4	0.0	0.00036	11.7	0.0	1.3	1	hypothetical protein
cogOTU_2735	4QAN5	1	Loclat_megahit_metabat_bin-05545	00013	0.00023	12.4	0.0	0.00036	11.7	0.0	1.3	1	hypothetical protein
