cogOTU_1324	4QEID	1	Loc080925-8m_megahit_metabat_bin-343	00014	1.2e-05	15.6	0.2	0.00025	11.4	0.0	2.1	2	Transketolase
cogOTU_1324	4QEID	1	Loc080925-8m_megahit_metabat_bin-437	00014	1.2e-05	15.6	0.2	0.00025	11.4	0.0	2.1	2	Transketolase
cogOTU_1324	4QB0K	1	Loc080925-8m_megahit_metabat_bin-343	00007	4.2e-06	18.0	0.0	9.9e-06	16.8	0.0	1.7	1	hypothetical protein
cogOTU_1324	4QB0K	1	Loc080925-8m_megahit_metabat_bin-437	00007	4.2e-06	18.0	0.0	9.9e-06	16.8	0.0	1.7	1	hypothetical protein
cogOTU_1324	4QD2D	1	Loc080925-8m_megahit_metabat_bin-343	00009	0.00014	12.3	0.1	0.0045	7.4	0.1	2.2	2	hypothetical protein
cogOTU_1324	4QD2D	1	Loc080925-8m_megahit_metabat_bin-437	00009	0.00014	12.3	0.1	0.0045	7.4	0.1	2.2	2	hypothetical protein
cogOTU_1324	4QBG5	1	Loc080925-8m_megahit_metabat_bin-343	00007	1.8e-07	21.6	0.1	2.5e-07	21.1	0.1	1.1	1	hypothetical protein
cogOTU_1324	4QBG5	1	Loc080925-8m_megahit_metabat_bin-437	00007	1.8e-07	21.6	0.1	2.5e-07	21.1	0.1	1.1	1	hypothetical protein
cogOTU_1324	4QDQP	1	Loc080925-8m_megahit_metabat_bin-343	00007	0.00016	11.2	0.1	0.00014	11.4	0.1	1.1	1	hypothetical protein
cogOTU_1324	4QDQP	1	Loc080925-8m_megahit_metabat_bin-437	00007	0.00016	11.2	0.1	0.00014	11.4	0.1	1.1	1	hypothetical protein
cogOTU_1324	4QDHA	1	Loc080925-8m_megahit_metabat_bin-343	00007	0.00015	12.8	0.0	0.00022	12.2	0.0	1.3	1	hypothetical protein
cogOTU_1324	4QDHA	1	Loc080925-8m_megahit_metabat_bin-437	00007	0.00015	12.8	0.0	0.00022	12.2	0.0	1.3	1	hypothetical protein
