cogOTU_1676	4QCM0	1	Loc081215-6m_megahit_metabat_bin-0421	00008	6.5e-05	13.7	2.6	9e-05	13.3	2.6	1.3	1	30S ribosomal protein S11
cogOTU_1676	4QCM0	1	Loc081215-6m_megahit_metabat_bin-0421	00010	0.00035	11.3	3.7	0.00056	10.7	3.7	1.3	1	30S ribosomal protein S11
cogOTU_1676	4QH9X	1	Loc081215-6m_megahit_metabat_bin-0421	00008	0.00044	11.6	0.0	0.00065	11.0	0.0	1.3	1	30S ribosomal protein S11
cogOTU_1676	4QFW5	1	Loc090402-4m_megahit_metabat_bin-0635	00006	0.00021	12.9	0.1	0.00029	12.5	0.1	1.4	1	50S ribosomal protein L24
cogOTU_1676	4QDNP	1	Loc081215-6m_megahit_metabat_bin-0421	00011	6.9e-05	14.0	0.1	0.00014	13.0	0.1	1.5	1	30S ribosomal protein S13
