cogOTU_1297	4QAV0	1	Loc080925-4m_megahit_metabat_bin-0146	00005	0.00046	12.3	0.1	0.00063	11.9	0.1	1.3	1	hypothetical protein
cogOTU_1297	4QFQN	1	Loc080925-4m_megahit_metabat_bin-0146	00005	1.1e-05	17.0	0.1	2.3e-05	15.9	0.1	1.5	1	hypothetical protein
cogOTU_1297	4QH2S	1	Loc080925-4m_megahit_metabat_bin-0146	00010	0.00029	12.8	0.1	0.00035	12.5	0.1	1.3	1	hypothetical protein
cogOTU_1297	4QH2S	1	Loc081215-1m_megahit_metabat_bin-1691	00018	0.00029	12.8	0.1	0.00035	12.5	0.1	1.3	1	hypothetical protein
cogOTU_1297	4QCS8	1	Loc080925-4m_megahit_metabat_bin-0146	00005	1.4e-23	75.4	0.0	1.8e-23	75.0	0.0	1.1	1	hypothetical protein
cogOTU_1297	4QB6U	1	Loc080925-4m_megahit_metabat_bin-0146	00028	3.4e-10	32.3	0.7	2.8e-09	29.4	0.0	1.9	2	hypothetical protein
cogOTU_1297	4QAKM	1	Loc080925-4m_megahit_metabat_bin-0146	00001	1e-92	303.6	0.2	1.2e-92	303.5	0.2	1.0	1	DNA polymerase I, thermostable
cogOTU_1297	4QFNV	1	Loc080925-4m_megahit_metabat_bin-0146	00008	2.4e-44	143.4	0.0	2.7e-44	143.2	0.0	1.0	1	hypothetical protein
cogOTU_1297	4QFNV	1	Loc081215-1m_megahit_metabat_bin-1691	00020	2.4e-44	143.4	0.0	2.7e-44	143.2	0.0	1.0	1	hypothetical protein
cogOTU_1297	4QHH0	1	Loc080925-4m_megahit_metabat_bin-0146	00008	3e-80	260.8	0.1	3.3e-80	260.6	0.1	1.0	1	hypothetical protein
cogOTU_1297	4QHH0	1	Loc081215-1m_megahit_metabat_bin-1691	00020	3e-80	260.8	0.1	3.3e-80	260.6	0.1	1.0	1	hypothetical protein
