cogOTU_2238	4QD8W	0	Loc081215-5m_megahit_metabat_bin-1774	00011	0.019	4.1	10.8	0.025	3.7	10.8	1.1	1	hypothetical protein
cogOTU_2238	4QGZS	1	Loc081215-5m_megahit_metabat_bin-1774	00007	0.00095	10.0	4.7	0.00017	12.5	0.7	1.8	1	hypothetical protein
cogOTU_2238	4QGZS	1	Loc090402-1m_megahit_metabat_bin-1074	00013	0.0024	8.7	6.1	0.00029	11.7	1.5	1.8	1	hypothetical protein
