cogOTU_1536	4QBQH	1	Loc090402-4m_megahit_metabat_bin-1191	00018	3.8e-13	41.3	0.0	2.4e-11	35.4	0.1	2.4	2	hypothetical protein
cogOTU_1536	4QBQH	1	Loclat_megahit_metabat_bin-13443	00018	3.9e-13	41.3	0.1	2.4e-11	35.4	0.1	2.4	2	hypothetical protein
cogOTU_1536	4QAUT	0	Loc090402-4m_megahit_metabat_bin-1191	00002	0.033	2.9	8.5	0.041	2.6	8.5	1.0	1	hypothetical protein
cogOTU_1536	4QAUT	0	Loc090519-8-7m_megahit_metabat_bin-2097	00013	0.033	2.9	8.5	0.041	2.6	8.5	1.0	1	hypothetical protein
cogOTU_1536	4QAUT	0	Loclat_megahit_metabat_bin-13443	00002	0.033	2.9	8.5	0.041	2.6	8.5	1.0	1	hypothetical protein
cogOTU_1536	4QHIP	1	Loc090402-4m_megahit_metabat_bin-1191	00002	0.00017	13.0	0.0	0.0013	10.1	0.0	2.0	2	hypothetical protein
cogOTU_1536	4QHIP	1	Loc090519-8-7m_megahit_metabat_bin-2097	00013	0.00017	13.0	0.0	0.0013	10.1	0.0	2.0	2	hypothetical protein
cogOTU_1536	4QHIP	1	Loclat_megahit_metabat_bin-13443	00002	0.00017	13.0	0.0	0.0013	10.1	0.0	2.0	2	hypothetical protein
cogOTU_1536	4QGDI	1	Loc090402-4m_megahit_metabat_bin-1191	00002	9.5e-05	12.3	72.3	0.00013	11.8	72.3	1.1	1	hypothetical protein
cogOTU_1536	4QGDI	1	Loc090519-8-7m_megahit_metabat_bin-2097	00013	9.5e-05	12.3	72.3	0.00013	11.8	72.3	1.1	1	hypothetical protein
cogOTU_1536	4QGDI	1	Loclat_megahit_metabat_bin-13443	00002	9.5e-05	12.3	72.3	0.00013	11.8	72.3	1.1	1	hypothetical protein
cogOTU_1536	4QG8U	1	Loc090402-4m_megahit_metabat_bin-1191	00019	0.00013	14.3	0.1	0.00016	14.0	0.1	1.1	1	hypothetical protein
cogOTU_1536	4QG8U	1	Loclat_megahit_metabat_bin-13443	00019	0.00013	14.3	0.1	0.00016	14.0	0.1	1.1	1	hypothetical protein
cogOTU_1536	4QDE7	1	Loc090519-8-7m_megahit_metabat_bin-2097	00007	0.00049	11.5	0.0	0.00059	11.3	0.0	1.1	1	hypothetical protein
cogOTU_1536	4QDE7	1	Loclat_megahit_metabat_bin-13443	00008	0.00049	11.5	0.0	0.00059	11.3	0.0	1.1	1	hypothetical protein
