cogOTU_1505	4QG6S	1	Loc090116-7m_megahit_metabat_bin-0270	00016	0.00034	12.4	0.0	0.00035	12.3	0.0	1.2	1	hypothetical protein
cogOTU_1505	4QFEJ	1	Loc090116-7m_megahit_metabat_bin-0270	00021	4.3e-05	15.1	0.0	5.2e-05	14.8	0.0	1.1	1	hypothetical protein
