cogOTU_2204	4QEZC	1	Loc080925-6m_megahit_metabat_bin-0232	00001	0.0068	8.7	15.6	0.0076	8.6	15.6	1.0	1	hypothetical protein
cogOTU_2204	4QEZC	1	Loc090519-6m_megahit_metabat_bin-1463	00017	0.0068	8.7	15.6	0.0076	8.6	15.6	1.0	1	hypothetical protein
cogOTU_2204	4QEZC	1	Loc090519-7m_megahit_metabat_bin-1002	00018	0.0068	8.7	15.6	0.0076	8.6	15.6	1.0	1	hypothetical protein
cogOTU_2204	4QEZC	1	Loc090519-8m_megahit_metabat_bin-1088	00017	0.0068	8.7	15.6	0.0076	8.6	15.6	1.0	1	hypothetical protein
cogOTU_2204	4QC00	1	Loc090721-6m_megahit_metabat_bin-508	00019	0.00041	13.5	5.4	0.00059	13.0	5.4	1.5	1	hypothetical protein
