cogOTU_1833	4QFD6	1	Loc081215-4m_megahit_metabat_bin-1130	00008	0.0001	14.3	0.2	0.00012	14.0	0.2	1.2	1	hypothetical protein
cogOTU_1833	4QFD6	1	Loc081215-1m_megahit_metabat_bin-0201	00023	0.0001	14.2	0.2	0.00012	14.0	0.2	1.2	1	hypothetical protein
cogOTU_1833	4QBBN	1	Loc081215-4m_megahit_metabat_bin-1130	00015	3.9e-36	116.2	9.9	4.3e-36	116.1	9.9	1.0	1	hypothetical protein
cogOTU_1833	4QBBN	1	Loc081215-1m_megahit_metabat_bin-0201	00017	1.4e-35	114.4	11.8	1.6e-35	114.2	11.8	1.0	1	hypothetical protein
cogOTU_1833	4QCNP	1	Loc081215-4m_megahit_metabat_bin-1130	00018	0.00015	13.4	0.0	0.00025	12.7	0.0	1.5	1	hypothetical protein
cogOTU_1833	4QDSE	1	Loc081215-1m_megahit_metabat_bin-0201	00004	1.8e-05	16.7	0.1	0.0011	11.0	0.0	2.2	2	hypothetical protein
cogOTU_1833	4QDSE	1	Loc081215-4m_megahit_metabat_bin-1130	00022	1.8e-05	16.7	0.1	0.0011	11.0	0.0	2.2	2	hypothetical protein
cogOTU_1833	4QAYV	1	Loc081215-1m_megahit_metabat_bin-0201	00003	2.1e-11	35.2	4.0	8.2e-11	33.2	2.2	2.2	2	hypothetical protein
cogOTU_1833	4QGX0	1	Loc081215-1m_megahit_metabat_bin-0201	00017	3.1e-05	15.6	0.3	3.8e-05	15.3	0.3	1.1	1	hypothetical protein
cogOTU_1833	4QCRE	1	Loc081215-1m_megahit_metabat_bin-0201	00023	4.5e-05	14.5	0.7	5.4e-05	14.3	0.7	1.0	1	hypothetical protein
cogOTU_1833	4QCRE	1	Loc081215-4m_megahit_metabat_bin-1130	00008	5.1e-05	14.4	0.7	6.1e-05	14.1	0.7	1.0	1	hypothetical protein
cogOTU_1833	4QC21	1	Loc081215-4m_megahit_metabat_bin-1130	00019	0.00011	12.9	0.1	0.00011	12.9	0.1	1.0	1	hypothetical protein
cogOTU_1833	4QC21	1	Loc081215-1m_megahit_metabat_bin-0201	00011	0.00018	12.2	0.2	0.00018	12.2	0.2	1.0	1	hypothetical protein
cogOTU_1833	4QD3H	1	Loc081215-1m_megahit_metabat_bin-0201	00024	0.00041	12.4	0.0	0.00063	11.8	0.0	1.2	1	hypothetical protein
cogOTU_1833	4QBFR	1	Loc081215-4m_megahit_metabat_bin-1130	00013	1e-32	105.5	0.2	1.2e-32	105.3	0.2	1.0	1	hypothetical protein
cogOTU_1833	4QBFR	1	Loc081215-1m_megahit_metabat_bin-0201	00018	7.1e-32	102.7	1.9	8.3e-32	102.5	1.9	1.0	1	hypothetical protein
