cogOTU_164	4QBQ4	1	Loc090116-7m_megahit_metabat_bin-0779	00011	2.6e-05	16.2	3.7	0.00035	12.6	1.2	2.1	2	hypothetical protein
cogOTU_164	4QBQ4	1	Loc090116-9m_megahit_metabat_bin-0891	00003	2.6e-05	16.2	3.7	0.00035	12.6	1.2	2.1	2	hypothetical protein
