cogOTU_894	4QFBG	1	Loc090402-1m_megahit_metabat_bin-0415	00008	1.4e-06	19.5	0.6	0.0014	9.7	0.2	2.0	2	hypothetical protein
cogOTU_894	4QFBG	1	Loc090402-4m_megahit_metabat_bin-0041	00002	1.4e-06	19.5	0.6	0.0015	9.7	0.2	2.0	2	hypothetical protein
cogOTU_894	4QFBG	1	Loc090402-8m_megahit_metabat_bin-0150	00004	1.4e-06	19.5	0.6	0.0015	9.7	0.2	2.0	2	hypothetical protein
cogOTU_894	4QAN1	1	Loc090402-4m_megahit_metabat_bin-0041	00008	3.7e-05	13.5	0.2	4.1e-05	13.3	0.2	1.0	1	hypothetical protein
cogOTU_894	4QDF4	1	Loc090402-4m_megahit_metabat_bin-0041	00008	2.3e-05	15.2	0.1	2.5e-05	15.1	0.1	1.1	1	hypothetical protein
cogOTU_894	4QCS2	1	Loc090402-1m_megahit_metabat_bin-0415	00008	9.4e-05	13.6	0.2	0.0055	7.9	0.1	2.0	2	hypothetical protein
cogOTU_894	4QCS2	1	Loc090402-4m_megahit_metabat_bin-0041	00002	9.7e-05	13.6	0.2	0.0056	7.8	0.1	2.1	2	hypothetical protein
cogOTU_894	4QCS2	1	Loc090402-8m_megahit_metabat_bin-0150	00004	9.7e-05	13.6	0.2	0.0056	7.8	0.1	2.1	2	hypothetical protein
cogOTU_894	4QB4U	1	Loc090402-1m_megahit_metabat_bin-0415	00009	9.6e-05	13.2	0.1	0.00016	12.5	0.1	1.4	1	hypothetical protein
cogOTU_894	4QB4U	1	Loc090402-4m_megahit_metabat_bin-0041	00003	9.6e-05	13.2	0.1	0.00016	12.5	0.1	1.4	1	hypothetical protein
cogOTU_894	4QB4U	1	Loc090402-8m_megahit_metabat_bin-0150	00005	9.6e-05	13.2	0.1	0.00016	12.5	0.1	1.4	1	hypothetical protein
cogOTU_894	4QFC8	1	Loc090402-4m_megahit_metabat_bin-0041	00008	0.00023	12.7	1.6	0.00029	12.4	1.6	1.3	1	hypothetical protein
cogOTU_894	4QC5N	1	Loc090402-1m_megahit_metabat_bin-0415	00006	1e-05	16.9	0.3	0.0021	9.4	0.0	2.3	2	hypothetical protein
cogOTU_894	4QC5N	1	Loc090402-4m_megahit_metabat_bin-0041	00013	5.1e-05	14.6	0.2	0.0057	8.0	0.0	2.4	2	hypothetical protein
cogOTU_894	4QC5N	1	Loc090402-8m_megahit_metabat_bin-0150	00001	5.1e-05	14.6	0.2	0.0057	8.0	0.0	2.4	2	hypothetical protein
cogOTU_894	4QB5W	1	Loc090402-4m_megahit_metabat_bin-0041	00008	0.00023	12.1	0.1	0.00024	12.0	0.1	1.0	1	hypothetical protein
cogOTU_894	4QF66	1	Loc090402-1m_megahit_metabat_bin-0415	00001	0.00032	11.9	1.0	0.00054	11.2	0.1	1.9	1	hypothetical protein
