cogOTU_1466	4QH6G	1	Loc081215-1m_megahit_metabat_bin-0486	00012	9.6e-06	15.9	0.1	1.9e-05	14.9	0.1	1.4	1	hypothetical protein
cogOTU_1466	4QH6G	1	Loc081215-8m_megahit_metabat_bin-0360	00012	9.6e-06	15.9	0.1	1.9e-05	14.9	0.1	1.4	1	hypothetical protein
cogOTU_1466	4QB5R	1	Loc081215-1m_megahit_metabat_bin-0486	00003	0.0037	7.5	15.7	0.0041	7.3	15.7	1.1	1	hypothetical protein
cogOTU_1466	4QB5R	1	Loc081215-8m_megahit_metabat_bin-0360	00002	0.0037	7.5	15.7	0.0041	7.3	15.7	1.1	1	hypothetical protein
cogOTU_1466	4QDU5	1	Loc081215-1m_megahit_metabat_bin-0486	00001	0.00035	9.1	44.2	0.00038	9.0	44.2	1.0	1	hypothetical protein
cogOTU_1466	4QCT4	1	Loc081215-1m_megahit_metabat_bin-0486	00006	1.5e-21	67.5	5.7	2.5e-21	66.8	5.7	1.2	1	hypothetical protein
cogOTU_1466	4QCT4	1	Loc081215-8m_megahit_metabat_bin-0360	00005	1.5e-21	67.5	5.7	2.5e-21	66.8	5.7	1.2	1	hypothetical protein
cogOTU_1466	4QAIK	1	Loc081215-1m_megahit_metabat_bin-0486	00006	1.4e-11	35.8	3.4	1.6e-11	35.6	3.4	1.2	1	hypothetical protein
cogOTU_1466	4QAIK	1	Loc081215-8m_megahit_metabat_bin-0360	00005	1.4e-11	35.8	3.4	1.6e-11	35.6	3.4	1.2	1	hypothetical protein
cogOTU_1466	4QDEA	1	Loc081215-1m_megahit_metabat_bin-0486	00001	1.4e-05	14.3	52.3	1.6e-05	14.1	52.3	1.0	1	hypothetical protein
cogOTU_1466	4QHQD	1	Loc081215-1m_megahit_metabat_bin-0486	00006	1.3e-05	15.4	0.3	6.2e-05	13.1	0.0	2.0	2	hypothetical protein
cogOTU_1466	4QHQD	1	Loc081215-8m_megahit_metabat_bin-0360	00005	1.3e-05	15.4	0.3	6.2e-05	13.1	0.0	2.0	2	hypothetical protein
cogOTU_1466	4QHQT	0	Loc081215-1m_megahit_metabat_bin-0486	00003	0.018	4.0	47.7	0.027	3.4	47.7	1.3	1	hypothetical protein
cogOTU_1466	4QHQT	0	Loc081215-8m_megahit_metabat_bin-0360	00002	0.018	4.0	47.7	0.027	3.4	47.7	1.3	1	hypothetical protein
cogOTU_1466	4QEUA	0	Loc081215-1m_megahit_metabat_bin-0486	00001	0.04	2.6	28.7	0.053	2.1	28.7	1.1	1	hypothetical protein
cogOTU_1466	4QHIY	0	Loc081215-1m_megahit_metabat_bin-0486	00005	0.074	2.1	15.0	0.11	1.5	15.0	1.2	1	hypothetical protein
cogOTU_1466	4QHIY	0	Loc081215-8m_megahit_metabat_bin-0360	00004	0.074	2.1	15.0	0.11	1.5	15.0	1.2	1	hypothetical protein
