cogOTU_1061	4QETW	0	Loc080925-5m_megahit_metabat_bin-0585	00016	0.014	5.1	9.1	0.0015	8.3	2.1	2.1	3	hypothetical protein
cogOTU_1061	4QETW	0	Loc080925-6m_megahit_metabat_bin-0881	00028	0.014	5.1	9.1	0.0015	8.3	2.1	2.1	3	hypothetical protein
cogOTU_1061	4QAVR	1	Loc080925-5m_megahit_metabat_bin-0585	00016	0.0013	10.9	13.3	0.00037	12.7	1.5	2.5	2	hypothetical protein
cogOTU_1061	4QAVR	1	Loc080925-6m_megahit_metabat_bin-0881	00028	0.0013	10.9	13.3	0.00037	12.7	1.5	2.5	2	hypothetical protein
cogOTU_1061	4QBH4	1	Loc080925-6m_megahit_metabat_bin-0881	00029	0.00013	13.3	0.0	0.00085	10.7	0.0	2.1	2	hypothetical protein
cogOTU_1061	4QFEP	1	Loc080925-5m_megahit_metabat_bin-0585	00003	0.00018	13.4	2.3	0.0068	8.4	0.4	2.2	2	hypothetical protein
cogOTU_1061	4QFEP	1	Loc080925-6m_megahit_metabat_bin-0881	00016	0.00018	13.4	2.3	0.0068	8.4	0.4	2.2	2	hypothetical protein
cogOTU_1061	4QF0V	0	Loc080925-5m_megahit_metabat_bin-0585	00016	0.019	4.7	12.5	0.024	4.4	12.5	1.1	1	hypothetical protein
cogOTU_1061	4QF0V	0	Loc080925-6m_megahit_metabat_bin-0881	00028	0.019	4.7	12.5	0.024	4.4	12.5	1.1	1	hypothetical protein
cogOTU_1061	4QGJ3	1	Loc080925-5m_megahit_metabat_bin-0585	00003	9.8e-05	14.3	0.3	0.00011	14.0	0.3	1.1	1	hypothetical protein
cogOTU_1061	4QGJ3	1	Loc080925-6m_megahit_metabat_bin-0881	00016	9.8e-05	14.3	0.3	0.00011	14.0	0.3	1.1	1	hypothetical protein
cogOTU_1061	4QGZX	1	Loc080925-5m_megahit_metabat_bin-0585	00016	0.001	10.8	3.0	0.0022	9.7	0.4	2.4	2	hypothetical protein
cogOTU_1061	4QGZX	1	Loc080925-6m_megahit_metabat_bin-0881	00028	0.001	10.8	3.0	0.0022	9.7	0.4	2.4	2	hypothetical protein
cogOTU_1061	4QE6T	1	Loc080925-6m_megahit_metabat_bin-0881	00006	0.00066	10.4	0.1	0.00077	10.2	0.1	1.1	1	hypothetical protein
cogOTU_1061	4QE6T	1	Loc080925-5m_megahit_metabat_bin-0585	00012	0.00066	10.4	0.1	0.00077	10.2	0.1	1.1	1	hypothetical protein
