cogOTU_1325	4QDF1	1	Loc090907-5m_megahit_metabat_bin-911	00005	0.00013	11.6	0.2	0.00018	11.1	0.2	1.1	1	hypothetical protein
cogOTU_1325	4QH94	1	Loc090907-5m_megahit_metabat_bin-911	00010	6e-33	105.3	1.0	7.1e-33	105.0	1.0	1.0	1	hypothetical protein
cogOTU_1325	4QH94	1	Loc081215-9m_megahit_metabat_bin-1749	00006	4.4e-32	102.4	1.0	5.2e-32	102.2	1.0	1.0	1	hypothetical protein
cogOTU_1325	4QB91	1	Loc081215-9m_megahit_metabat_bin-1749	00010	3.8e-05	13.8	0.7	4.6e-05	13.6	0.7	1.1	1	hypothetical protein
cogOTU_1325	4QB91	1	Loc090907-5m_megahit_metabat_bin-911	00005	3.8e-05	13.8	0.7	4.6e-05	13.6	0.7	1.1	1	hypothetical protein
cogOTU_1325	4QFJX	1	Loc090907-5m_megahit_metabat_bin-911	00002	1.5e-05	15.4	3.4	1.9e-05	15.1	3.4	1.0	1	hypothetical protein
cogOTU_1325	4QCT8	1	Loc090907-5m_megahit_metabat_bin-911	00005	0.00039	10.2	5.6	9.2e-05	12.2	2.7	1.4	1	hypothetical protein
cogOTU_1325	4QCT8	1	Loc081215-9m_megahit_metabat_bin-1749	00010	0.00077	9.2	6.6	0.00016	11.5	3.5	1.4	1	hypothetical protein
cogOTU_1325	4QGFI	1	Loc090907-5m_megahit_metabat_bin-911	00003	0.00013	13.7	0.1	0.0032	9.3	0.0	2.2	2	hypothetical protein
cogOTU_1325	4QF4B	1	Loc081215-9m_megahit_metabat_bin-1749	00013	0.0002	12.2	0.0	0.00032	11.6	0.0	1.3	1	hypothetical protein
