cogOTU_2145	4QAX6	0	Loc090519-7m_megahit_metabat_bin-1072	00022	0.029	6.1	15.0	0.041	5.6	14.7	1.4	1	hypothetical protein
cogOTU_2145	4QBZA	1	Loc090519-7m_megahit_metabat_bin-1072	00001	0.0002	12.7	0.1	0.0002	12.7	0.1	1.0	1	hypothetical protein
cogOTU_2145	4QBZA	1	Loclat_megahit_metabat_bin-09772	00019	0.0002	12.7	0.1	0.0002	12.7	0.1	1.0	1	hypothetical protein
cogOTU_2145	4QAU1	1	Loc090519-7m_megahit_metabat_bin-1072	00023	0.00049	11.8	0.2	0.0036	9.0	0.0	2.0	2	hypothetical protein
cogOTU_2145	4QAU1	1	Loclat_megahit_metabat_bin-09772	00016	0.00049	11.8	0.2	0.0036	9.0	0.0	2.0	2	hypothetical protein
cogOTU_2145	4QF2C	1	Loc090519-7m_megahit_metabat_bin-1072	00023	0.00027	12.2	0.1	0.00061	11.0	0.0	1.6	1	hypothetical protein
cogOTU_2145	4QF2C	1	Loclat_megahit_metabat_bin-09772	00016	0.00027	12.2	0.1	0.00061	11.0	0.0	1.6	1	hypothetical protein
cogOTU_2145	4QBTS	0	Loc090519-7m_megahit_metabat_bin-1072	00016	0.077	4.6	15.5	0.0036	8.8	1.8	2.8	2	hypothetical protein
cogOTU_2145	4QBTS	0	Loclat_megahit_metabat_bin-09772	00011	0.077	4.6	15.5	0.0036	8.8	1.8	2.8	2	hypothetical protein
