cogOTU_1294	4QF4D	0	Loc090907-8m_megahit_metabat_bin-173	00016	0.041	5.3	8.5	0.039	5.4	8.5	1.2	1	hypothetical protein
cogOTU_1294	4QH7X	1	Loc090519-5m_megahit_metabat_bin-1130	00010	0.00017	14.9	1.1	0.0002	14.7	1.1	1.2	1	hypothetical protein
cogOTU_1294	4QH7X	1	Loc090519-6m_megahit_metabat_bin-0412	00020	0.00017	14.9	1.1	0.0002	14.7	1.1	1.2	1	hypothetical protein
cogOTU_1294	4QH7X	1	Loc090907-6m_megahit_metabat_bin-051	00005	0.00017	14.9	1.1	0.0002	14.7	1.1	1.2	1	hypothetical protein
cogOTU_1294	4QH7X	1	Loc090907-8m_megahit_metabat_bin-173	00007	0.00017	14.9	1.1	0.0002	14.7	1.1	1.2	1	hypothetical protein
cogOTU_1294	4QF22	1	Loc090519-7m_megahit_metabat_bin-0949	00001	9.7e-05	15.1	0.0	0.00015	14.5	0.0	1.4	1	hypothetical protein
cogOTU_1294	4QBKE	1	Loc090519-6m_megahit_metabat_bin-0412	00029	9.3e-05	14.7	1.7	0.00015	14.0	1.7	1.3	1	hypothetical protein
cogOTU_1294	4QBBS	1	Loclat_megahit_metabat_bin-00702	00002	2.5e-06	20.7	0.1	6.9e-06	19.3	0.1	1.8	1	hypothetical protein
cogOTU_1294	4QBBS	1	Loc090519-5m_megahit_metabat_bin-1130	00002	3.5e-06	20.2	0.1	9.5e-06	18.9	0.1	1.7	1	hypothetical protein
cogOTU_1294	4QBBS	1	Loc090519-6m_megahit_metabat_bin-0412	00028	3.6e-06	20.2	0.1	9.5e-06	18.9	0.1	1.7	1	hypothetical protein
cogOTU_1294	4QBBS	1	Loc090519-7m_megahit_metabat_bin-0949	00001	3e-05	17.2	0.0	7.2e-05	16.0	0.0	1.6	1	hypothetical protein
cogOTU_1294	4QGDQ	1	Loc090519-6m_megahit_metabat_bin-0412	00028	0.00056	12.3	0.0	0.00094	11.6	0.0	1.3	1	hypothetical protein
cogOTU_1294	4QGDQ	1	Loc090519-5m_megahit_metabat_bin-1130	00002	0.00057	12.3	0.0	0.00094	11.6	0.0	1.3	1	hypothetical protein
cogOTU_1294	4QFSZ	1	Loc090519-5m_megahit_metabat_bin-1130	00007	0.00016	14.8	0.0	0.00017	14.6	0.0	1.0	1	hypothetical protein
cogOTU_1294	4QFSZ	1	Loc090519-6m_megahit_metabat_bin-0412	00023	0.00016	14.8	0.0	0.00017	14.6	0.0	1.0	1	hypothetical protein
cogOTU_1294	4QFSZ	1	Loc090907-8m_megahit_metabat_bin-173	00010	0.00016	14.8	0.0	0.00017	14.6	0.0	1.0	1	hypothetical protein
cogOTU_1294	4QH0H	1	Loc090519-5m_megahit_metabat_bin-1130	00002	0.00079	12.6	0.0	0.0025	11.0	0.0	1.9	1	hypothetical protein
cogOTU_1294	4QH0H	1	Loc090519-6m_megahit_metabat_bin-0412	00028	0.00083	12.5	0.0	0.0025	11.0	0.0	1.9	1	hypothetical protein
