cogOTU_2218	4QFUJ	1	Loc090402-7m_megahit_metabat_bin-0589	00005	1.7e-05	16.1	0.0	1.8e-05	15.9	0.0	1.0	1	hypothetical protein
cogOTU_2218	4QFUJ	1	Loc090402-8m_megahit_metabat_bin-0278	00012	1.7e-05	16.1	0.0	1.8e-05	15.9	0.0	1.0	1	hypothetical protein
cogOTU_2218	4QGPN	1	Loc090402-7m_megahit_metabat_bin-0589	00012	1e-12	38.9	0.0	1.5e-12	38.3	0.0	1.1	1	hypothetical protein
cogOTU_2218	4QGPN	1	Loc090402-8m_megahit_metabat_bin-0278	00005	1e-12	38.9	0.0	1.5e-12	38.3	0.0	1.1	1	hypothetical protein
cogOTU_2218	4QFYD	1	Loc090402-7m_megahit_metabat_bin-0589	00010	0.00019	12.4	0.0	0.00031	11.7	0.0	1.2	1	hypothetical protein
cogOTU_2218	4QFYD	1	Loc090402-8m_megahit_metabat_bin-0278	00007	0.00024	12.1	0.0	0.0004	11.4	0.0	1.2	1	hypothetical protein
cogOTU_2218	4QBR2	1	Loc090402-7m_megahit_metabat_bin-0589	00012	1.1e-50	163.4	0.0	1.5e-50	162.8	0.0	1.2	1	hypothetical protein
cogOTU_2218	4QBR2	1	Loc090402-8m_megahit_metabat_bin-0278	00005	1.1e-50	163.4	0.0	1.5e-50	162.8	0.0	1.2	1	hypothetical protein
cogOTU_2218	4QCXJ	1	Loc090402-7m_megahit_metabat_bin-0589	00007	7.3e-06	17.2	3.5	8e-06	17.0	3.5	1.0	1	hypothetical protein
cogOTU_2218	4QCXJ	1	Loc090402-8m_megahit_metabat_bin-0278	00010	7.3e-06	17.2	3.5	8e-06	17.0	3.5	1.0	1	hypothetical protein
cogOTU_2218	4QAP6	1	Loc090402-7m_megahit_metabat_bin-0589	00015	0.00017	12.4	0.0	0.00018	12.4	0.0	1.1	1	hypothetical protein
cogOTU_2218	4QAP6	1	Loc090402-8m_megahit_metabat_bin-0278	00002	0.00017	12.4	0.0	0.00018	12.4	0.0	1.1	1	hypothetical protein
