cogOTU_2336	4QGBG	0	Loc090519-6m_megahit_metabat_bin-0788	00013	0.013	7.6	7.0	0.0026	9.8	1.8	2.3	1	hypothetical protein
cogOTU_2336	4QGBG	0	Loc090519-7m_megahit_metabat_bin-0082	00030	0.013	7.6	7.0	0.0026	9.8	1.8	2.3	1	hypothetical protein
cogOTU_2336	4QGBG	0	Loc090519-8m_megahit_metabat_bin-0368	00005	0.013	7.6	7.0	0.0026	9.8	1.8	2.3	1	hypothetical protein
cogOTU_2336	4QGBG	0	Loc090721-6m_megahit_metabat_bin-549	00005	0.013	7.6	7.0	0.0026	9.8	1.8	2.3	1	hypothetical protein
cogOTU_2336	4QC00	1	Loc090519-6m_megahit_metabat_bin-0788	00004	0.00041	13.5	5.4	0.0006	13.0	5.4	1.5	1	hypothetical protein
cogOTU_2336	4QC00	1	Loc090519-7m_megahit_metabat_bin-0082	00004	0.00041	13.5	5.4	0.0006	13.0	5.4	1.5	1	hypothetical protein
cogOTU_2336	4QC00	1	Loc090519-8m_megahit_metabat_bin-0368	00011	0.00041	13.5	5.4	0.0006	13.0	5.4	1.5	1	hypothetical protein
cogOTU_2336	4QGI0	0	Loc090519-7m_megahit_metabat_bin-0082	00037	0.014	7.3	5.7	0.013	7.5	5.7	1.1	1	hypothetical protein
