cogOTU_1008	4QESC	1	Loc090907-5m_megahit_metabat_bin-743	00011	0.0026	9.1	1.5	0.0034	8.7	1.5	1.2	1	hypothetical protein
cogOTU_1008	4QD4D	0	Loc090519-5m_megahit_metabat_bin-0188	00010	0.077	6.5	10.0	0.025	8.1	6.9	1.9	1	hypothetical protein
cogOTU_1008	4QD4D	0	Loc090721-5m_megahit_metabat_bin-195	00019	0.077	6.5	10.0	0.025	8.1	6.9	1.9	1	hypothetical protein
cogOTU_1008	4QD4D	0	Loc090721-7m_megahit_metabat_bin-852	00021	0.077	6.5	10.0	0.025	8.1	6.9	1.9	1	hypothetical protein
cogOTU_1008	4QD4D	0	Loc090721-8-6m_megahit_metabat_bin-0270	00003	0.077	6.5	10.0	0.025	8.1	6.9	1.9	1	hypothetical protein
cogOTU_1008	4QD4D	0	Loc090721-8m_megahit_metabat_bin-941	00017	0.077	6.5	10.0	0.025	8.1	6.9	1.9	1	hypothetical protein
cogOTU_1008	4QD4D	0	Loc090907-5m_megahit_metabat_bin-743	00032	0.077	6.5	10.0	0.025	8.1	6.9	1.9	1	hypothetical protein
cogOTU_1008	4QD4D	0	Loc090907-8-6m_megahit_metabat_bin-289	00022	0.077	6.5	10.0	0.025	8.1	6.9	1.9	1	hypothetical protein
cogOTU_1008	4QH3X	1	Loc090907-5m_megahit_metabat_bin-743	00028	0.00071	12.9	1.7	0.00073	12.8	1.7	1.1	1	hypothetical protein
