cogOTU_1940	4QCKG	1	Loc081215-1m_megahit_metabat_bin-0136	00002	0.00021	12.3	0.2	0.00026	12.0	0.2	1.3	1	DNA protection during starvation protein
cogOTU_1940	4QBMC	1	Loc081215-1m_megahit_metabat_bin-0136	00002	7.5e-09	27.0	0.2	8.1e-09	26.9	0.2	1.1	1	DNA protection during starvation protein
cogOTU_1940	4QBGY	1	Loc081215-1m_megahit_metabat_bin-0136	00006	0.00022	12.7	0.1	0.0015	10.0	0.0	2.3	1	hypothetical protein
cogOTU_1940	4QBGY	1	Loc081215-4m_megahit_metabat_bin-0321	00011	0.00022	12.7	0.1	0.0015	10.0	0.0	2.3	1	hypothetical protein
cogOTU_1940	4QBGY	1	Loc090116-4m_megahit_metabat_bin-0019	00005	0.00022	12.7	0.1	0.0015	10.0	0.0	2.3	1	hypothetical protein
cogOTU_1940	4QBCP	1	Loc081215-4m_megahit_metabat_bin-0321	00004	1e-05	16.0	0.1	0.00019	11.9	0.0	2.1	2	hypothetical protein
cogOTU_1940	4QBCP	1	Loc081215-1m_megahit_metabat_bin-0136	00013	2.4e-05	14.8	0.0	0.00019	11.9	0.0	2.0	2	hypothetical protein
cogOTU_1940	4QH74	1	Loc081215-1m_megahit_metabat_bin-0136	00002	0.00026	12.7	0.0	0.00041	12.1	0.0	1.5	1	DNA protection during starvation protein
cogOTU_1940	4QC50	1	Loc081215-1m_megahit_metabat_bin-0136	00013	7.5e-05	13.9	0.6	0.00012	13.2	0.6	1.2	1	hypothetical protein
cogOTU_1940	4QC50	1	Loc081215-4m_megahit_metabat_bin-0321	00004	7.5e-05	13.9	0.6	0.00012	13.2	0.6	1.2	1	hypothetical protein
cogOTU_1940	4QHEF	1	Loc081215-4m_megahit_metabat_bin-0321	00013	0.00028	12.2	5.0	0.00029	12.1	5.0	1.0	1	hypothetical protein
cogOTU_1940	4QHEF	1	Loc090116-4m_megahit_metabat_bin-0019	00003	0.00028	12.2	5.0	0.00029	12.1	5.0	1.0	1	hypothetical protein
