cogOTU_1434	4QESV	0	Loc090721-4m_megahit_metabat_bin-0132	00022	0.09	5.1	11.6	0.11	4.9	11.6	1.0	1	hypothetical protein
cogOTU_1434	4QESV	0	Loc090721-6m_megahit_metabat_bin-291	00009	0.09	5.1	11.6	0.11	4.9	11.6	1.0	1	hypothetical protein
cogOTU_1434	4QESV	0	Loc090721-8-6m_megahit_metabat_bin-0519	00016	0.09	5.1	11.6	0.11	4.9	11.6	1.0	1	hypothetical protein
cogOTU_1434	4QESV	0	Loc090907-8-6m_megahit_metabat_bin-714	00018	0.09	5.1	11.6	0.11	4.9	11.6	1.0	1	hypothetical protein
cogOTU_1434	4QESC	1	Loc090721-5m_megahit_metabat_bin-216	00011	0.0016	9.1	1.5	0.002	8.7	1.5	1.2	1	hypothetical protein
cogOTU_1434	4QESC	1	Loc090721-6m_megahit_metabat_bin-291	00016	0.0016	9.1	1.5	0.002	8.7	1.5	1.2	1	hypothetical protein
cogOTU_1434	4QESC	1	Loc090721-8-6m_megahit_metabat_bin-0519	00011	0.0016	9.1	1.5	0.002	8.7	1.5	1.2	1	hypothetical protein
cogOTU_1434	4QESC	1	Loc090907-8-6m_megahit_metabat_bin-714	00002	0.0016	9.1	1.5	0.002	8.7	1.5	1.2	1	hypothetical protein
cogOTU_1434	4QH3X	1	Loc090721-4m_megahit_metabat_bin-0132	00019	0.00043	12.9	1.7	0.00045	12.8	1.7	1.1	1	hypothetical protein
cogOTU_1434	4QH3X	1	Loc090721-5m_megahit_metabat_bin-216	00003	0.00043	12.9	1.7	0.00045	12.8	1.7	1.1	1	hypothetical protein
cogOTU_1434	4QH3X	1	Loc090721-6m_megahit_metabat_bin-291	00006	0.00043	12.9	1.7	0.00045	12.8	1.7	1.1	1	hypothetical protein
cogOTU_1434	4QH3X	1	Loc090721-8-6m_megahit_metabat_bin-0519	00019	0.00043	12.9	1.7	0.00045	12.8	1.7	1.1	1	hypothetical protein
cogOTU_1434	4QH3X	1	Loc090907-8-6m_megahit_metabat_bin-714	00021	0.00043	12.9	1.7	0.00045	12.8	1.7	1.1	1	hypothetical protein
