cogOTU_2671	4QDCZ	1	Loc090116-1m_megahit_metabat_bin-1211	00003	0.00046	10.4	3.6	0.00051	10.2	3.1	1.3	1	hypothetical protein
cogOTU_2671	4QDCZ	1	Loclat_megahit_metabat_bin-12459	00011	0.00046	10.4	3.6	0.00051	10.2	3.1	1.3	1	hypothetical protein
cogOTU_2671	4QAXW	1	Loclat_megahit_metabat_bin-12459	00001	0.00019	11.9	0.0	0.0003	11.2	0.0	1.5	1	hypothetical protein
cogOTU_2671	4QCIW	1	Loc090116-1m_megahit_metabat_bin-1211	00012	0.00022	11.9	0.0	0.00026	11.7	0.0	1.3	1	hypothetical protein
cogOTU_2671	4QGUG	1	Loc090116-1m_megahit_metabat_bin-1211	00004	0.00023	12.2	0.0	0.00036	11.6	0.0	1.3	1	hypothetical protein
cogOTU_2671	4QGUG	1	Loclat_megahit_metabat_bin-12459	00010	0.00023	12.2	0.0	0.00036	11.6	0.0	1.3	1	hypothetical protein
