cogOTU_448	4QFM3	1	Loc090519-5m_megahit_metabat_bin-0473	00001	0.0079	5.2	12.6	0.0081	5.2	12.6	1.0	1	hypothetical protein
cogOTU_448	4QE4C	1	Loc090519-5m_megahit_metabat_bin-0473	00017	0.00013	13.5	0.1	0.00021	12.9	0.1	1.3	1	hypothetical protein
cogOTU_448	4QE4C	1	Loc090519-6m_megahit_metabat_bin-1465	00006	0.00013	13.5	0.1	0.00021	12.9	0.1	1.3	1	hypothetical protein
cogOTU_448	4QH2Y	1	Loc090519-5m_megahit_metabat_bin-0473	00018	0.00015	13.1	0.7	0.00035	12.0	0.3	1.9	1	Tyrosine recombinase XerC
cogOTU_448	4QH2Y	1	Loc090519-6m_megahit_metabat_bin-1465	00005	0.00015	13.1	0.7	0.00035	12.0	0.3	1.9	1	Tyrosine recombinase XerC
cogOTU_448	4QAQE	1	Loc090519-5m_megahit_metabat_bin-0473	00009	1.2e-28	92.0	1.3	1.4e-28	91.8	1.3	1.0	1	Tyrosine recombinase XerC
cogOTU_448	4QAQE	1	Loc090519-6m_megahit_metabat_bin-1465	00008	1.2e-28	92.0	1.3	1.4e-28	91.8	1.3	1.0	1	Tyrosine recombinase XerC
cogOTU_448	4QAQE	1	Loc090519-5m_megahit_metabat_bin-0473	00018	1.5e-28	91.8	0.8	1.7e-28	91.6	0.8	1.0	1	Tyrosine recombinase XerC
cogOTU_448	4QAQE	1	Loc090519-6m_megahit_metabat_bin-1465	00005	1.5e-28	91.8	0.8	1.7e-28	91.6	0.8	1.0	1	Tyrosine recombinase XerC
cogOTU_448	4QAQE	1	Loc090519-5m_megahit_metabat_bin-0473	00003	1.9e-25	81.5	8.0	2.5e-25	81.2	8.0	1.0	1	hypothetical protein
cogOTU_448	4QAQE	1	Loc090519-6m_megahit_metabat_bin-1465	00013	1.9e-25	81.5	8.0	2.5e-25	81.2	8.0	1.0	1	hypothetical protein
cogOTU_448	4QAQE	1	Loc090519-5m_megahit_metabat_bin-0473	00011	4.1e-09	27.8	0.0	4.1e-09	27.8	0.0	1.0	1	hypothetical protein
cogOTU_448	4QAQE	1	Loc090519-6m_megahit_metabat_bin-1465	00015	4.1e-09	27.8	0.0	4.1e-09	27.8	0.0	1.0	1	hypothetical protein
cogOTU_448	4QFRG	0	Loc090519-5m_megahit_metabat_bin-0473	00001	0.014	6.2	8.8	0.017	6.0	8.8	1.1	1	hypothetical protein
cogOTU_448	4QHMT	1	Loc090519-5m_megahit_metabat_bin-0473	00002	0.0001	13.7	0.1	0.00014	13.3	0.1	1.3	1	hypothetical protein
cogOTU_448	4QHMT	1	Loc090519-6m_megahit_metabat_bin-1465	00014	0.0001	13.7	0.1	0.00014	13.3	0.1	1.3	1	hypothetical protein
cogOTU_448	4QB3X	1	Loc090519-5m_megahit_metabat_bin-0473	00022	0.00016	12.2	0.0	0.00017	12.1	0.0	1.1	1	hypothetical protein
cogOTU_448	4QB3X	1	Loc090519-6m_megahit_metabat_bin-1465	00001	0.00016	12.2	0.0	0.00017	12.1	0.0	1.1	1	hypothetical protein
cogOTU_448	4QFF8	1	Loc090519-5m_megahit_metabat_bin-0473	00020	1.8e-05	16.0	0.5	2e-05	15.9	0.5	1.1	1	hypothetical protein
cogOTU_448	4QFF8	1	Loc090519-6m_megahit_metabat_bin-1465	00003	1.8e-05	16.0	0.5	2e-05	15.9	0.5	1.1	1	hypothetical protein
