cogOTU_2322	4QGP7	1	Loc090116-9m_megahit_metabat_bin-0843	00013	4.2e-13	39.9	138.5	2.1e-06	17.7	9.3	8.5	8	hypothetical protein
cogOTU_2322	4QFSW	1	Loc081215-9m_megahit_metabat_bin-0974	00004	7.2e-10	30.2	0.2	7.5e-10	30.1	0.2	1.0	1	hypothetical protein
cogOTU_2322	4QFSW	1	Loc090116-7m_megahit_metabat_bin-1291	00011	1.6e-05	15.8	0.1	1.7e-05	15.8	0.1	1.0	1	hypothetical protein
cogOTU_2322	4QE8F	1	Loc090116-9m_megahit_metabat_bin-0843	00013	5.4e-06	18.3	7.1	0.00059	11.7	0.9	3.4	3	hypothetical protein
cogOTU_2322	4QEX9	1	Loc081215-5m_megahit_metabat_bin-0847	00023	6.8e-10	29.4	39.7	6.7e-08	22.8	14.9	3.0	2	hypothetical protein
cogOTU_2322	4QCIK	1	Loc081215-5m_megahit_metabat_bin-0847	00023	1.1e-07	22.4	51.2	8.2e-07	19.4	0.1	3.5	2	hypothetical protein
cogOTU_2322	4QCR0	1	Loc081215-5m_megahit_metabat_bin-0847	00023	5.4e-06	18.0	26.5	8e-06	17.5	26.6	1.4	1	hypothetical protein
cogOTU_2322	4QEXA	1	Loc081215-5m_megahit_metabat_bin-0847	00023	0.009	5.8	22.4	5.7e-05	13.1	13.1	1.7	1	hypothetical protein
cogOTU_2322	4QEDP	1	Loc090116-7m_megahit_metabat_bin-1291	00024	0.00028	12.9	0.9	0.00043	12.3	0.9	1.2	1	hypothetical protein
cogOTU_2322	4QEDP	1	Loc081215-5m_megahit_metabat_bin-0847	00004	0.00055	11.9	0.4	0.0011	11.0	0.4	1.4	1	hypothetical protein
cogOTU_2322	4QEDP	1	Loc090116-9m_megahit_metabat_bin-0843	00012	0.00064	11.7	0.4	0.0012	10.8	0.4	1.4	1	hypothetical protein
