cogOTU_2256	4QGQN	1	Loc090116-1m_megahit_metabat_bin-0111	00024	0.00012	12.8	0.0	0.00018	12.1	0.0	1.1	1	hypothetical protein
cogOTU_2256	4QGQN	1	Loc090116-7m_megahit_metabat_bin-0998	00022	0.00012	12.8	0.0	0.00018	12.1	0.0	1.1	1	hypothetical protein
cogOTU_2256	4QD6W	1	Loc090116-1m_megahit_metabat_bin-0111	00012	0.00053	11.8	0.3	0.0011	10.8	0.0	1.6	1	hypothetical protein
cogOTU_2256	4QD6W	1	Loc090116-7m_megahit_metabat_bin-0998	00001	0.00053	11.8	0.3	0.0011	10.8	0.0	1.6	1	hypothetical protein
cogOTU_2256	4QAJB	1	Loc090116-1m_megahit_metabat_bin-0111	00014	6.3e-05	15.0	0.2	7.2e-05	14.8	0.2	1.1	1	hypothetical protein
cogOTU_2256	4QAW0	1	Loc090116-1m_megahit_metabat_bin-0111	00024	0.00051	11.8	0.0	0.00093	10.9	0.0	1.4	1	hypothetical protein
cogOTU_2256	4QAW0	1	Loc090116-7m_megahit_metabat_bin-0998	00022	0.00051	11.8	0.0	0.00093	10.9	0.0	1.4	1	hypothetical protein
cogOTU_2256	4QED8	1	Loc081215-1m_megahit_metabat_bin-1996	00007	0.0002	12.5	0.1	0.00023	12.4	0.1	1.0	1	hypothetical protein
cogOTU_2256	4QED8	1	Loc090116-7m_megahit_metabat_bin-0998	00015	0.0002	12.5	0.1	0.00023	12.4	0.1	1.0	1	hypothetical protein
cogOTU_2256	4QAR1	1	Loc090116-1m_megahit_metabat_bin-0111	00024	1.8e-05	16.3	0.0	4.3e-05	15.0	0.0	1.4	1	hypothetical protein
cogOTU_2256	4QAR1	1	Loc090116-7m_megahit_metabat_bin-0998	00022	1.8e-05	16.3	0.0	4.3e-05	15.0	0.0	1.4	1	hypothetical protein
cogOTU_2256	4QG76	1	Loc090116-7m_megahit_metabat_bin-0998	00012	0.00027	12.6	0.1	0.00039	12.1	0.1	1.4	1	hypothetical protein
cogOTU_2256	4QC65	1	Loc081215-1m_megahit_metabat_bin-1996	00002	1e-05	17.1	0.1	1.2e-05	16.9	0.1	1.1	1	hypothetical protein
cogOTU_2256	4QC65	1	Loc090116-1m_megahit_metabat_bin-0111	00007	1e-05	17.1	0.1	1.2e-05	16.9	0.1	1.1	1	hypothetical protein
cogOTU_2256	4QC65	1	Loc090116-7m_megahit_metabat_bin-0998	00006	1e-05	17.1	0.1	1.2e-05	16.9	0.1	1.1	1	hypothetical protein
cogOTU_2256	4QCYX	1	Loc090116-7m_megahit_metabat_bin-0998	00023	0.00023	12.8	0.0	0.00045	11.8	0.0	1.5	1	hypothetical protein
cogOTU_2256	4QGMN	1	Loc090116-1m_megahit_metabat_bin-0111	00024	5.6e-05	15.1	0.0	0.00012	14.0	0.0	1.6	1	hypothetical protein
cogOTU_2256	4QGMN	1	Loc090116-7m_megahit_metabat_bin-0998	00022	5.6e-05	15.1	0.0	0.00012	14.0	0.0	1.6	1	hypothetical protein
