cogOTU_1801	4QD4F	1	Loc090116-4m_megahit_metabat_bin-0691	00019	2e-06	21.2	0.2	2.3e-06	21.0	0.2	1.1	1	hypothetical protein
cogOTU_1801	4QD4F	1	Loc080925-4-5m_megahit_metabat_bin-1007	00016	8.6e-06	19.2	0.2	9.5e-06	19.0	0.2	1.1	1	hypothetical protein
cogOTU_1801	4QD4F	1	Loc080925-4m_megahit_metabat_bin-0944	00016	2.5e-05	17.7	0.2	2.8e-05	17.5	0.2	1.1	1	hypothetical protein
cogOTU_1801	4QC5D	1	Loc080925-4-5m_megahit_metabat_bin-1007	00035	0.00078	11.9	0.1	0.00082	11.8	0.1	1.0	1	hypothetical protein
cogOTU_1801	4QC5D	1	Loc080925-4m_megahit_metabat_bin-0944	00032	0.00078	11.9	0.1	0.00082	11.8	0.1	1.0	1	hypothetical protein
cogOTU_1801	4QFZZ	1	Loc080925-4-5m_megahit_metabat_bin-1007	00016	0.00012	13.8	0.0	0.00013	13.6	0.0	1.0	1	hypothetical protein
cogOTU_1801	4QFZZ	1	Loc080925-4m_megahit_metabat_bin-0944	00016	0.00013	13.7	0.0	0.00014	13.5	0.0	1.0	1	hypothetical protein
cogOTU_1801	4QFZZ	1	Loc090116-4m_megahit_metabat_bin-0691	00019	0.00014	13.5	0.0	0.00016	13.4	0.0	1.0	1	hypothetical protein
cogOTU_1801	4QDXS	1	Loc080925-4-5m_megahit_metabat_bin-1007	00046	0.0013	11.8	0.0	0.0025	10.9	0.0	1.4	1	hypothetical protein
cogOTU_1801	4QDXS	1	Loc090116-4m_megahit_metabat_bin-0691	00041	0.0014	11.7	0.0	0.0025	10.9	0.0	1.4	1	hypothetical protein
cogOTU_1801	4QGK8	1	Loc080925-4-5m_megahit_metabat_bin-1007	00027	0.00086	12.9	0.1	0.0015	12.0	0.0	1.4	1	hypothetical protein
cogOTU_1801	4QGK8	1	Loc080925-4m_megahit_metabat_bin-0944	00004	0.00086	12.9	0.1	0.0015	12.0	0.0	1.4	1	hypothetical protein
cogOTU_1801	4QDQ1	1	Loc080925-4-5m_megahit_metabat_bin-1007	00010	0.0003	13.8	0.3	0.00035	13.6	0.3	1.1	1	hypothetical protein
cogOTU_1801	4QDQ1	1	Loc080925-4m_megahit_metabat_bin-0944	00023	0.0003	13.8	0.3	0.00035	13.6	0.3	1.1	1	hypothetical protein
cogOTU_1801	4QBHS	1	Loc080925-4m_megahit_metabat_bin-0944	00028	0.00079	12.5	0.5	0.00081	12.5	0.5	1.0	1	hypothetical protein
cogOTU_1801	4QBHS	1	Loc090116-4m_megahit_metabat_bin-0691	00055	0.00093	12.3	0.4	0.00092	12.3	0.4	1.0	1	hypothetical protein
cogOTU_1801	4QCY3	1	Loc090116-4m_megahit_metabat_bin-0691	00038	0.0002	13.7	0.1	0.00023	13.5	0.1	1.0	1	hypothetical protein
cogOTU_1801	4QCRD	1	Loc080925-4m_megahit_metabat_bin-0944	00009	0.0018	10.1	0.5	0.0017	10.2	0.5	1.0	1	hypothetical protein
cogOTU_1801	4QCRD	1	Loc090116-4m_megahit_metabat_bin-0691	00013	0.0018	10.1	0.5	0.0017	10.2	0.5	1.0	1	hypothetical protein
cogOTU_1801	4QB3X	1	Loc080925-4-5m_megahit_metabat_bin-1007	00005	1.4e-08	27.3	0.0	1.7e-08	27.1	0.0	1.0	1	hypothetical protein
