cogOTU_728	4QGS9	1	Loc081215-6m_megahit_metabat_bin-2095	00016	0.00015	13.1	0.5	0.00018	12.8	0.5	1.0	1	hypothetical protein
cogOTU_728	4QCF9	1	Loc081215-4m_megahit_metabat_bin-1631	00008	0.0032	8.1	7.5	0.0034	7.9	7.5	1.0	1	hypothetical protein
cogOTU_728	4QCF9	1	Loc081215-5m_megahit_metabat_bin-0154	00008	0.0032	8.1	7.5	0.0034	7.9	7.5	1.0	1	hypothetical protein
cogOTU_728	4QCF9	1	Loc081215-6m_megahit_metabat_bin-2095	00021	0.0032	8.1	7.5	0.0034	7.9	7.5	1.0	1	hypothetical protein
cogOTU_728	4QG3E	1	Loc081215-5m_megahit_metabat_bin-0154	00006	1.1e-05	16.9	11.7	1.2e-05	16.8	11.7	1.0	1	hypothetical protein
cogOTU_728	4QG3E	1	Loc081215-4m_megahit_metabat_bin-1631	00013	1.2e-05	16.8	25.5	1.3e-05	16.7	25.5	1.0	1	hypothetical protein
cogOTU_728	4QG3E	1	Loc081215-5m_megahit_metabat_bin-0154	00013	1.2e-05	16.8	25.5	1.3e-05	16.7	25.5	1.0	1	hypothetical protein
cogOTU_728	4QG3E	1	Loc081215-6m_megahit_metabat_bin-2095	00014	1.3e-05	16.7	25.3	1.4e-05	16.6	25.3	1.1	1	hypothetical protein
cogOTU_728	4QG3E	1	Loc081215-4m_megahit_metabat_bin-1631	00002	0.00011	13.7	17.0	0.00012	13.6	17.0	1.1	1	hypothetical protein
cogOTU_728	4QG3E	1	Loc081215-6m_megahit_metabat_bin-2095	00002	0.00012	13.5	16.7	0.00015	13.3	16.7	1.1	1	hypothetical protein
cogOTU_728	4QG3E	1	Loc081215-4m_megahit_metabat_bin-1631	00010	0.00038	11.9	18.2	0.00063	11.2	18.2	1.3	1	hypothetical protein
cogOTU_728	4QHPM	1	Loc081215-5m_megahit_metabat_bin-0154	00018	0.00051	12.0	5.7	0.0006	11.8	5.7	1.0	1	hypothetical protein
cogOTU_728	4QHPM	1	Loc081215-6m_megahit_metabat_bin-2095	00008	0.00051	12.0	5.7	0.0006	11.8	5.7	1.0	1	hypothetical protein
cogOTU_728	4QHPM	1	Loc081215-5m_megahit_metabat_bin-0154	00015	0.0014	10.6	10.7	0.0016	10.4	10.7	1.0	1	hypothetical protein
cogOTU_728	4QHPM	1	Loc081215-6m_megahit_metabat_bin-2095	00012	0.0014	10.6	10.7	0.0016	10.4	10.7	1.0	1	hypothetical protein
cogOTU_728	4QHPM	1	Loc081215-4m_megahit_metabat_bin-1631	00022	0.0028	9.6	5.2	0.0033	9.4	5.2	1.0	1	hypothetical protein
cogOTU_728	4QHPM	1	Loc081215-4m_megahit_metabat_bin-1631	00019	0.0051	8.7	10.8	0.0059	8.5	10.8	1.0	1	hypothetical protein
cogOTU_728	4QBGG	0	Loc081215-4m_megahit_metabat_bin-1631	00019	0.091	5.0	8.3	0.059	5.6	0.9	2.1	2	hypothetical protein
