cogOTU_2577	4QDF1	1	Loc090519-8m_megahit_metabat_bin-0548	00006	0.00025	10.1	0.1	0.00037	9.6	0.1	1.2	1	hypothetical protein
cogOTU_2577	4QDF1	1	Loc090519-6m_megahit_metabat_bin-1415	00006	0.00025	10.1	0.1	0.00037	9.6	0.1	1.2	1	hypothetical protein
cogOTU_2577	4QD9Y	1	Loc090519-6m_megahit_metabat_bin-1415	00003	8.7e-91	295.6	0.0	1.1e-90	295.2	0.0	1.0	1	hypothetical protein
cogOTU_2577	4QD9Y	1	Loc090519-8m_megahit_metabat_bin-0548	00014	6.6e-15	45.4	0.0	6.8e-15	45.3	0.0	1.0	1	hypothetical protein
cogOTU_2577	4QAXN	1	Loc090519-6m_megahit_metabat_bin-1415	00004	3.8e-05	14.5	0.3	0.0037	8.0	0.1	2.5	2	DNA adenine methyltransferase YhdJ
cogOTU_2577	4QAXN	1	Loc090519-8m_megahit_metabat_bin-0548	00008	3.8e-05	14.5	0.3	0.0037	8.0	0.1	2.5	2	DNA adenine methyltransferase YhdJ
cogOTU_2577	4QB32	1	Loc090519-6m_megahit_metabat_bin-1415	00003	7.2e-31	98.1	0.0	2.3e-30	96.5	0.0	1.7	1	hypothetical protein
cogOTU_2577	4QB32	1	Loc090519-8m_megahit_metabat_bin-0548	00014	1.2e-06	18.2	0.0	1.4e-06	18.1	0.0	1.0	1	hypothetical protein
cogOTU_2577	4QBNM	1	Loc090519-6m_megahit_metabat_bin-1415	00011	9.1e-06	13.8	0.0	1.1e-05	13.6	0.0	1.0	1	hypothetical protein
cogOTU_2577	4QBNM	1	Loc090519-8m_megahit_metabat_bin-0548	00001	9.1e-06	13.8	0.0	1.1e-05	13.6	0.0	1.0	1	hypothetical protein
cogOTU_2577	4QAUF	1	Loc090519-8m_megahit_metabat_bin-0548	00011	5.9e-31	98.2	5.3	9e-31	97.6	5.3	1.2	1	hypothetical protein
cogOTU_2577	4QC1Z	1	Loc090519-6m_megahit_metabat_bin-1415	00003	5.8e-08	22.8	0.2	7.2e-07	19.1	0.1	2.3	1	hypothetical protein
cogOTU_2577	4QC1Z	1	Loc090519-8m_megahit_metabat_bin-0548	00014	8.8e-06	15.6	0.0	1.1e-05	15.3	0.0	1.1	1	hypothetical protein
cogOTU_2577	4QH61	1	Loc090519-6m_megahit_metabat_bin-1415	00003	0.00011	11.9	0.0	0.00025	10.7	0.0	1.5	1	hypothetical protein
cogOTU_2577	4QEFV	1	Loc090519-6m_megahit_metabat_bin-1415	00003	0.0002	11.1	0.1	0.0069	6.0	0.0	2.1	2	hypothetical protein
cogOTU_2577	4QG21	1	Loc090519-6m_megahit_metabat_bin-1415	00003	4.3e-08	22.9	0.0	9.8e-05	11.8	0.0	2.1	2	hypothetical protein
cogOTU_2577	4QG21	1	Loc090519-8m_megahit_metabat_bin-0548	00014	9.7e-06	15.2	0.0	1.2e-05	14.9	0.0	1.1	1	hypothetical protein
cogOTU_2577	4QC79	1	Loc090519-8m_megahit_metabat_bin-0548	00012	8.4e-05	13.0	0.1	0.00011	12.7	0.1	1.1	1	hypothetical protein
