cogOTU_1634	4QB5E	1	Loc081215-4m_megahit_metabat_bin-0702	00019	0.00072	13.1	0.0	0.0011	12.5	0.0	1.3	1	hypothetical protein
cogOTU_1634	4QB5E	1	Loc090402-1m_megahit_metabat_bin-0535	00011	0.00072	13.1	0.0	0.0011	12.5	0.0	1.3	1	hypothetical protein
cogOTU_1634	4QB5E	1	Loc090519-5m_megahit_metabat_bin-1254	00011	0.0016	12.0	0.0	0.0025	11.4	0.0	1.3	1	hypothetical protein
cogOTU_1634	4QB5E	1	Loc090519-6m_megahit_metabat_bin-1189	00014	0.0016	12.0	0.0	0.0025	11.4	0.0	1.3	1	hypothetical protein
cogOTU_1634	4QB5E	1	Loc090721-8-6m_megahit_metabat_bin-1005	00036	0.0016	12.0	0.0	0.0025	11.4	0.0	1.3	1	hypothetical protein
cogOTU_1634	4QDAZ	1	Loc081215-8m_megahit_metabat_bin-2982	00023	0.0003	14.3	0.1	0.00053	13.5	0.1	1.4	1	hypothetical protein
cogOTU_1634	4QDAZ	1	Loc090519-6m_megahit_metabat_bin-1189	00005	0.0003	14.3	0.1	0.00053	13.5	0.1	1.4	1	hypothetical protein
cogOTU_1634	4QDAZ	1	Loc090721-8-6m_megahit_metabat_bin-1005	00022	0.0003	14.3	0.1	0.00053	13.5	0.1	1.4	1	hypothetical protein
cogOTU_1634	4QDAZ	1	Loc081215-5m_megahit_metabat_bin-0385	00003	0.00041	13.8	0.1	0.00074	13.0	0.1	1.4	1	hypothetical protein
cogOTU_1634	4QDAZ	1	Loc081215-4m_megahit_metabat_bin-0702	00025	0.00057	13.4	0.1	0.001	12.5	0.1	1.4	1	hypothetical protein
cogOTU_1634	4QATU	1	Loc081215-8m_megahit_metabat_bin-2982	00007	0.0015	11.2	1.0	0.0024	10.6	0.1	1.6	2	hypothetical protein
cogOTU_1634	4QB5W	1	Loc090721-8-6m_megahit_metabat_bin-1005	00005	0.0063	9.6	90.6	0.001	12.2	14.2	7.8	5	hypothetical protein
