cogOTU_1989	4QF0D	1	Loc090907-8m_megahit_metabat_bin-679	00016	0.00022	12.8	0.0	0.00027	12.5	0.0	1.2	1	hypothetical protein
cogOTU_1989	4QF0D	1	Loc090907-8m_megahit_metabat_bin-903	00016	0.00022	12.8	0.0	0.00027	12.5	0.0	1.2	1	hypothetical protein
cogOTU_1989	4QDB3	1	Loc090907-8m_megahit_metabat_bin-679	00007	0.00023	12.4	0.0	0.00031	12.0	0.0	1.3	1	hypothetical protein
cogOTU_1989	4QDB3	1	Loc090907-8m_megahit_metabat_bin-903	00007	0.00023	12.4	0.0	0.00031	12.0	0.0	1.3	1	hypothetical protein
cogOTU_1989	4QHG4	1	Loc090907-8m_megahit_metabat_bin-679	00006	0.00098	10.3	1.6	0.016	6.3	0.0	2.7	3	hypothetical protein
cogOTU_1989	4QHG4	1	Loc090907-8m_megahit_metabat_bin-903	00006	0.00098	10.3	1.6	0.016	6.3	0.0	2.7	3	hypothetical protein
