cogOTU_739	4QGE6	1	Loc090519-8-7m_megahit_metabat_bin-1581	00012	0.00011	14.1	1.8	0.00022	13.2	1.8	1.5	1	hypothetical protein
cogOTU_739	4QGE6	1	Loc090721-7m_megahit_metabat_bin-312	00012	0.00011	14.1	1.8	0.00022	13.2	1.8	1.5	1	hypothetical protein
cogOTU_739	4QGE6	1	Loc090907-8-6m_megahit_metabat_bin-348	00008	0.00043	12.2	9.9	0.00094	11.1	9.9	1.7	1	hypothetical protein
cogOTU_739	4QGE6	1	Loclat_megahit_metabat_bin-16027	00001	0.00043	12.2	9.9	0.00094	11.1	9.9	1.7	1	hypothetical protein
cogOTU_739	4QBEC	0	Loc090519-8-7m_megahit_metabat_bin-1581	00006	0.012	8.5	9.2	0.25	4.3	0.1	5.1	2	hypothetical protein
cogOTU_739	4QBEC	0	Loc080925-7m_megahit_metabat_bin-0566	00002	0.071	6.1	11.2	0.29	4.1	0.1	5.2	2	hypothetical protein
cogOTU_739	4QBEC	0	Loc090721-7m_megahit_metabat_bin-312	00006	0.071	6.1	11.2	0.29	4.1	0.1	5.2	2	hypothetical protein
cogOTU_739	4QBEC	0	Loc090721-8-6m_megahit_metabat_bin-0079	00002	0.071	6.1	11.2	0.29	4.1	0.1	5.2	2	hypothetical protein
cogOTU_739	4QBEC	0	Loc090907-8-6m_megahit_metabat_bin-348	00002	0.071	6.1	11.2	0.29	4.1	0.1	5.2	2	hypothetical protein
cogOTU_739	4QBEC	0	Loc090907-8m_megahit_metabat_bin-376	00006	0.071	6.1	11.2	0.29	4.1	0.1	5.2	2	hypothetical protein
cogOTU_739	4QBEC	0	Loclat_megahit_metabat_bin-16027	00007	0.071	6.1	11.2	0.29	4.1	0.1	5.2	2	hypothetical protein
cogOTU_739	4QGWD	1	Loc080925-7m_megahit_metabat_bin-0566	00010	0.00037	12.9	0.1	0.00038	12.9	0.1	1.2	1	hypothetical protein
cogOTU_739	4QGWD	1	Loc090519-8-7m_megahit_metabat_bin-1581	00003	0.00037	12.9	0.1	0.00038	12.9	0.1	1.2	1	hypothetical protein
cogOTU_739	4QGWD	1	Loc090721-7m_megahit_metabat_bin-312	00003	0.00037	12.9	0.1	0.00038	12.9	0.1	1.2	1	hypothetical protein
cogOTU_739	4QGWD	1	Loc090721-8-6m_megahit_metabat_bin-0079	00010	0.00037	12.9	0.1	0.00038	12.9	0.1	1.2	1	hypothetical protein
cogOTU_739	4QGWD	1	Loc090907-8-6m_megahit_metabat_bin-348	00011	0.00037	12.9	0.1	0.00038	12.9	0.1	1.2	1	hypothetical protein
cogOTU_739	4QGWD	1	Loc090907-8m_megahit_metabat_bin-376	00003	0.00037	12.9	0.1	0.00038	12.9	0.1	1.2	1	hypothetical protein
cogOTU_739	4QGWD	1	Loclat_megahit_metabat_bin-16027	00011	0.00037	12.9	0.1	0.00038	12.9	0.1	1.2	1	hypothetical protein
