cogOTU_2532	4QHB5	0	Loc080925-5-5m_megahit_metabat_bin-0132	00003	0.022	6.1	9.4	0.009	7.4	0.2	3.1	2	hypothetical protein
cogOTU_2532	4QHB5	0	Loc090907-6m_megahit_metabat_bin-728	00015	0.022	6.1	9.4	0.009	7.4	0.2	3.1	2	hypothetical protein
cogOTU_2532	4QCY1	1	Loc080925-5-5m_megahit_metabat_bin-0132	00015	9.3e-05	14.1	0.0	0.00016	13.4	0.0	1.4	1	hypothetical protein
cogOTU_2532	4QCY1	1	Loc090907-6m_megahit_metabat_bin-728	00003	9.3e-05	14.1	0.0	0.00016	13.4	0.0	1.4	1	hypothetical protein
