cogOTU_2188	4QCW6	1	Loc090907-6m_megahit_metabat_bin-097	00015	0.00015	12.8	2.7	0.00078	10.5	2.7	2.3	1	hypothetical protein
cogOTU_2188	4QCW6	1	Loc090907-8-6m_megahit_metabat_bin-637	00014	0.00015	12.8	2.7	0.00078	10.5	2.7	2.3	1	hypothetical protein
