cogOTU_2004	4QEK3	1	Loc090721-8-6m_megahit_metabat_bin-0409	00027	0.00014	17.0	7.2	0.047	8.9	0.0	3.7	3	hypothetical protein
cogOTU_2004	4QGC6	1	Loc090721-8-6m_megahit_metabat_bin-0409	00027	0.00049	15.3	2.7	0.18	7.1	0.0	3.1	2	hypothetical protein
cogOTU_2004	4QAMB	1	Loc081215-1m_megahit_metabat_bin-1494	00012	0.0054	11.3	3.3	0.0063	11.1	3.3	1.0	1	hypothetical protein
cogOTU_2004	4QAMB	1	Loc090116-1m_megahit_metabat_bin-0923	00048	0.0054	11.3	3.3	0.0063	11.1	3.3	1.0	1	hypothetical protein
cogOTU_2004	4QAMB	0	Loc090721-8-6m_megahit_metabat_bin-0409	00014	0.015	9.9	3.6	0.017	9.7	3.6	1.0	1	hypothetical protein
cogOTU_2004	4QBEM	1	Loc090402-7m_megahit_metabat_bin-0741	00006	0.007	11.4	1.2	0.0075	11.3	0.3	1.6	1	hypothetical protein
cogOTU_2004	4QBEM	0	Loc081215-4m_megahit_metabat_bin-0123	00019	0.011	10.8	2.0	0.0068	11.4	0.5	1.6	1	hypothetical protein
cogOTU_2004	4QBEM	0	Loc081215-1m_megahit_metabat_bin-1494	00004	0.011	10.7	2.1	0.0074	11.3	0.6	1.6	1	hypothetical protein
cogOTU_2004	4QBEM	0	Loc090116-7m_megahit_metabat_bin-0434	00039	0.011	10.7	2.1	0.0074	11.3	0.6	1.6	1	hypothetical protein
cogOTU_2004	4QBEM	0	Loc090907-6m_megahit_metabat_bin-011	00018	0.011	10.7	2.1	0.0074	11.3	0.6	1.6	1	hypothetical protein
cogOTU_2004	4QBEM	0	Loc090116-1m_megahit_metabat_bin-0923	00026	0.014	10.4	2.5	0.0077	11.3	0.6	1.7	1	hypothetical protein
cogOTU_2004	4QENS	1	Loc090721-8-6m_megahit_metabat_bin-0409	00027	0.00024	15.9	3.1	0.052	8.3	0.1	2.7	3	hypothetical protein
