cogOTU_345	4QDBX	1	Loc090907-8-6m_megahit_metabat_bin-235	00011	0.0011	9.4	5.9	0.0012	9.3	5.9	1.0	1	hypothetical protein
cogOTU_345	4QAS8	1	Loc090519-5m_megahit_metabat_bin-0801	00012	0.0025	10.3	3.1	0.0011	11.4	0.2	1.9	1	hypothetical protein
cogOTU_345	4QAS8	1	Loc090402-1m_megahit_metabat_bin-1070	00008	0.0027	10.2	3.1	0.0012	11.3	0.2	1.9	1	hypothetical protein
cogOTU_345	4QAS8	1	Loc090907-6m_megahit_metabat_bin-340	00007	0.0027	10.2	3.1	0.0012	11.3	0.2	1.9	1	hypothetical protein
cogOTU_345	4QAS8	1	Loc090907-8-6m_megahit_metabat_bin-235	00001	0.0027	10.2	3.1	0.0012	11.3	0.2	1.9	1	hypothetical protein
cogOTU_345	4QDGV	1	Loc090402-1m_megahit_metabat_bin-1070	00011	0.00036	12.2	0.2	0.00047	11.8	0.2	1.1	1	hypothetical protein
cogOTU_345	4QDGV	1	Loc090519-5m_megahit_metabat_bin-0801	00007	0.00036	12.2	0.2	0.00047	11.8	0.2	1.1	1	hypothetical protein
cogOTU_345	4QDGV	1	Loc090907-6m_megahit_metabat_bin-340	00002	0.00036	12.2	0.2	0.00047	11.8	0.2	1.1	1	hypothetical protein
cogOTU_345	4QEVB	1	Loc090519-5m_megahit_metabat_bin-0801	00005	0.00035	12.5	1.3	0.00038	12.3	1.3	1.1	1	hypothetical protein
cogOTU_345	4QEVB	1	Loc090907-6m_megahit_metabat_bin-340	00013	0.00035	12.5	1.3	0.00038	12.3	1.3	1.1	1	hypothetical protein
cogOTU_345	4QEVB	1	Loc090907-8-6m_megahit_metabat_bin-235	00016	0.00035	12.5	1.3	0.00038	12.3	1.3	1.1	1	hypothetical protein
