cogOTU_2342	4QB9D	1	Loc090116-9m_megahit_metabat_bin-0217	00010	6.3e-05	14.0	0.0	0.0002	12.5	0.0	1.8	1	hypothetical protein
cogOTU_2342	4QB9D	1	Loc081215-4m_megahit_metabat_bin-2035	00007	6.3e-05	14.0	0.0	0.0002	12.5	0.0	1.8	1	hypothetical protein
cogOTU_2342	4QB9D	1	Loc081215-4m_megahit_metabat_bin-2035	00017	6.7e-05	13.9	0.0	0.00021	12.3	0.0	1.8	1	hypothetical protein
cogOTU_2342	4QG9C	1	Loc090116-9m_megahit_metabat_bin-0217	00010	1.6e-06	18.5	0.0	4.8e-06	17.0	0.0	1.7	1	hypothetical protein
cogOTU_2342	4QG9C	1	Loc081215-4m_megahit_metabat_bin-2035	00017	1.6e-06	18.5	0.0	4.8e-06	17.0	0.0	1.7	1	hypothetical protein
cogOTU_2342	4QG9C	1	Loc081215-4m_megahit_metabat_bin-2035	00007	3e-06	17.6	0.0	4.8e-06	17.0	0.0	1.3	1	hypothetical protein
cogOTU_2342	4QBU2	1	Loc090116-9m_megahit_metabat_bin-0217	00010	0.0004	11.2	0.0	0.00064	10.5	0.0	1.4	1	hypothetical protein
cogOTU_2342	4QD5H	1	Loc081215-4m_megahit_metabat_bin-2035	00007	1.1e-05	15.9	0.0	1.7e-05	15.2	0.0	1.2	1	hypothetical protein
cogOTU_2342	4QD5H	1	Loc090116-9m_megahit_metabat_bin-0217	00010	1.1e-05	15.9	0.0	1.7e-05	15.2	0.0	1.2	1	hypothetical protein
cogOTU_2342	4QD5H	1	Loc081215-4m_megahit_metabat_bin-2035	00017	1.1e-05	15.8	0.0	1.7e-05	15.2	0.0	1.2	1	hypothetical protein
cogOTU_2342	4QEGR	1	Loc090116-9m_megahit_metabat_bin-0217	00010	1.3e-06	19.0	0.0	3.2e-06	17.6	0.0	1.6	1	hypothetical protein
cogOTU_2342	4QEGR	1	Loc081215-4m_megahit_metabat_bin-2035	00017	1.3e-06	18.9	0.0	3.2e-06	17.6	0.0	1.6	1	hypothetical protein
cogOTU_2342	4QEGR	1	Loc081215-4m_megahit_metabat_bin-2035	00007	2e-06	18.3	0.0	3.2e-06	17.6	0.0	1.2	1	hypothetical protein
cogOTU_2342	4QAWG	1	Loc081215-4m_megahit_metabat_bin-2035	00007	9.6e-10	29.3	0.0	5.8e-08	23.4	0.0	2.2	1	hypothetical protein
cogOTU_2342	4QAWG	1	Loc090116-9m_megahit_metabat_bin-0217	00010	9.7e-10	29.3	0.0	5.8e-08	23.4	0.0	2.2	1	hypothetical protein
cogOTU_2342	4QAWG	1	Loc081215-4m_megahit_metabat_bin-2035	00017	1.1e-09	29.1	0.0	6.5e-08	23.3	0.0	2.2	1	hypothetical protein
cogOTU_2342	4QCUC	1	Loc090116-9m_megahit_metabat_bin-0217	00002	1.4e-08	25.9	0.0	1.8e-08	25.6	0.0	1.1	1	hypothetical protein
