cogOTU_2455	4QFTX	1	Loc090519-5m_megahit_metabat_bin-0533	00002	1.3e-15	48.8	0.1	1.5e-15	48.6	0.1	1.1	1	hypothetical protein
cogOTU_2455	4QFTX	1	Loc090519-6m_megahit_metabat_bin-1302	00014	1.3e-15	48.8	0.1	1.5e-15	48.6	0.1	1.1	1	hypothetical protein
cogOTU_2455	4QF8R	1	Loc090519-5m_megahit_metabat_bin-0533	00017	0.00024	11.2	0.4	0.00034	10.7	0.4	1.2	1	hypothetical protein
cogOTU_2455	4QF8R	1	Loc090519-6m_megahit_metabat_bin-1302	00020	0.00024	11.2	0.4	0.00034	10.7	0.4	1.2	1	hypothetical protein
cogOTU_2455	4QE1F	1	Loc090519-5m_megahit_metabat_bin-0533	00001	5.8e-20	62.6	0.8	1.8e-19	61.0	0.8	1.7	1	hypothetical protein
cogOTU_2455	4QE1F	1	Loc090519-6m_megahit_metabat_bin-1302	00015	5.8e-20	62.6	0.8	1.8e-19	61.0	0.8	1.7	1	hypothetical protein
