cogOTU_2073	4QGS8	1	Loc090721-8m_megahit_metabat_bin-608	00026	0.00015	13.0	0.1	0.00065	10.9	0.0	1.8	2	hypothetical protein
cogOTU_2073	4QGS8	1	Loclat_megahit_metabat_bin-00767	00031	0.00015	13.0	0.1	0.00065	10.9	0.0	1.8	2	hypothetical protein
cogOTU_2073	4QGS8	1	Loc090721-7m_megahit_metabat_bin-726	00014	0.00029	12.0	0.1	0.00065	10.9	0.0	1.5	1	hypothetical protein
cogOTU_2073	4QATV	1	Loc090721-8m_megahit_metabat_bin-608	00011	0.0003	12.1	1.5	0.00053	11.3	1.5	1.4	1	hypothetical protein
cogOTU_2073	4QATV	1	Loclat_megahit_metabat_bin-00767	00006	0.0003	12.1	1.5	0.00053	11.3	1.5	1.4	1	hypothetical protein
cogOTU_2073	4QCZ2	1	Loc090721-8m_megahit_metabat_bin-608	00028	0.00067	11.1	2.5	0.00083	10.8	2.5	1.1	1	hypothetical protein
cogOTU_2073	4QCZ2	1	Loclat_megahit_metabat_bin-00767	00033	0.00067	11.1	2.5	0.00083	10.8	2.5	1.1	1	hypothetical protein
cogOTU_2073	4QAWZ	0	Loclat_megahit_metabat_bin-00767	00005	0.079	5.3	11.0	0.12	4.7	0.4	4.1	3	hypothetical protein
