cogOTU_1599	4QEY5	1	Loc081215-8m_megahit_metabat_bin-2197	00021	2.2e-05	16.2	0.0	3.5e-05	15.5	0.0	1.4	1	hypothetical protein
cogOTU_1599	4QH71	1	Loc081215-8m_megahit_metabat_bin-2197	00004	7.6e-05	14.3	0.0	0.00012	13.6	0.0	1.3	1	hypothetical protein
cogOTU_1599	4QD88	1	Loc081215-1m_megahit_metabat_bin-1803	00004	7e-05	12.4	0.0	0.0099	5.3	0.0	2.2	2	hypothetical protein
cogOTU_1599	4QAV4	1	Loc081215-8m_megahit_metabat_bin-2197	00014	0.00036	11.8	0.0	0.00062	11.0	0.0	1.4	1	hypothetical protein
cogOTU_1599	4QEE9	1	Loc081215-8m_megahit_metabat_bin-2197	00001	0.002	8.9	4.6	0.00042	11.1	0.2	1.9	2	hypothetical protein
cogOTU_1599	4QGFJ	1	Loc081215-1m_megahit_metabat_bin-1803	00004	4.9e-09	25.3	1.5	6e-09	25.0	1.5	1.1	1	hypothetical protein
cogOTU_1599	4QDKE	1	Loc081215-1m_megahit_metabat_bin-1803	00014	0.00015	13.1	0.0	0.00026	12.3	0.0	1.3	1	hypothetical protein
cogOTU_1599	4QDKE	1	Loc081215-8m_megahit_metabat_bin-2197	00013	0.00015	13.1	0.0	0.00026	12.3	0.0	1.3	1	hypothetical protein
cogOTU_1599	4QDKE	1	Loc081215-8m_megahit_metabat_bin-2197	00002	0.00016	13.0	0.0	0.00027	12.3	0.0	1.3	1	hypothetical protein
cogOTU_1599	4QDKE	1	Loc081215-1m_megahit_metabat_bin-1803	00001	0.00019	12.7	0.0	0.00033	12.0	0.0	1.3	1	hypothetical protein
cogOTU_1599	4QDKE	1	Loc081215-8m_megahit_metabat_bin-2197	00016	0.00019	12.7	0.0	0.00033	12.0	0.0	1.3	1	hypothetical protein
cogOTU_1599	4QEM6	1	Loc081215-1m_megahit_metabat_bin-1803	00004	3e-11	33.0	4.3	4.1e-11	32.5	4.3	1.1	1	hypothetical protein
cogOTU_1599	4QH70	1	Loc081215-8m_megahit_metabat_bin-2197	00002	1.2e-05	16.6	1.1	2.3e-05	15.7	0.8	1.6	2	hypothetical protein
cogOTU_1599	4QH70	1	Loc081215-1m_megahit_metabat_bin-1803	00014	1.3e-05	16.5	0.9	2.4e-05	15.6	0.7	1.6	1	hypothetical protein
cogOTU_1599	4QH70	1	Loc081215-8m_megahit_metabat_bin-2197	00013	1.3e-05	16.5	0.9	2.4e-05	15.6	0.7	1.6	1	hypothetical protein
