cogOTU_557	4QGBA	1	Loc081215-8m_megahit_metabat_bin-1866	00005	0.00012	13.9	6.1	0.0048	8.7	0.1	2.7	2	hypothetical protein
cogOTU_557	4QGBA	1	Loc081215-9m_megahit_metabat_bin-1727	00001	0.00012	13.9	6.1	0.0048	8.7	0.1	2.7	2	hypothetical protein
cogOTU_557	4QGBA	1	Loc081215-5m_megahit_metabat_bin-2091	00001	0.0002	13.2	6.1	0.0062	8.3	0.1	2.7	2	hypothetical protein
cogOTU_557	4QETC	0	Loc081215-4m_megahit_metabat_bin-0412	00004	0.011	6.4	11.4	0.013	6.2	11.4	1.0	1	hypothetical protein
cogOTU_557	4QHN0	1	Loc081215-5m_megahit_metabat_bin-2091	00001	0.0026	9.2	5.3	0.0095	7.3	0.4	2.3	2	hypothetical protein
cogOTU_557	4QHN0	0	Loc081215-8m_megahit_metabat_bin-1866	00005	0.019	6.4	8.9	0.0073	7.7	0.4	2.4	2	hypothetical protein
cogOTU_557	4QHN0	0	Loc081215-9m_megahit_metabat_bin-1727	00001	0.019	6.4	8.9	0.0073	7.7	0.4	2.4	2	hypothetical protein
cogOTU_557	4QB3V	1	Loc081215-9m_megahit_metabat_bin-1727	00016	0.0055	9.2	11.8	0.0023	10.4	0.5	3.5	3	hypothetical protein
