cogOTU_2100	4QH2N	1	Loc090519-8-7m_megahit_metabat_bin-0515	00010	3.8e-05	15.4	0.6	0.00025	12.7	0.6	2.3	1	hypothetical protein
cogOTU_2100	4QH2N	1	Loc090519-8m_megahit_metabat_bin-1650	00014	5.3e-05	14.9	0.4	0.00035	12.2	0.4	2.3	1	hypothetical protein
cogOTU_2100	4QHQN	1	Loc090519-8m_megahit_metabat_bin-1650	00007	8.5e-06	17.0	12.3	0.0097	7.0	0.1	5.2	5	hypothetical protein
cogOTU_2100	4QGQU	1	Loc090519-8-7m_megahit_metabat_bin-0515	00001	0.0003	12.4	0.9	0.00085	10.9	0.9	1.8	1	hypothetical protein
cogOTU_2100	4QDBE	1	Loc090519-8-7m_megahit_metabat_bin-0515	00025	0.0001	14.2	0.1	0.00039	12.4	0.1	2.1	1	hypothetical protein
cogOTU_2100	4QDBE	1	Loc090519-8m_megahit_metabat_bin-1650	00009	0.0001	14.2	0.1	0.00039	12.4	0.1	2.1	1	hypothetical protein
