cogOTU_2537	4QH22	1	Loc090402-4m_megahit_metabat_bin-1024	00007	0.00015	12.0	0.2	0.0052	6.9	0.0	2.0	2	hypothetical protein
cogOTU_2537	4QH22	1	Loc090402-8-9m_megahit_metabat_bin-0834	00027	0.00015	12.0	0.2	0.0052	6.9	0.0	2.0	2	hypothetical protein
cogOTU_2537	4QET5	1	Loc090402-4m_megahit_metabat_bin-1024	00010	0.00037	12.2	0.1	0.00053	11.7	0.1	1.3	1	hypothetical protein
cogOTU_2537	4QEAX	1	Loc090402-4m_megahit_metabat_bin-1024	00020	5.7e-07	21.1	0.0	7.3e-07	20.7	0.0	1.1	1	hypothetical protein
cogOTU_2537	4QEAX	1	Loc090402-8-9m_megahit_metabat_bin-0834	00011	5.7e-07	21.1	0.0	7.3e-07	20.7	0.0	1.1	1	hypothetical protein
cogOTU_2537	4QAIJ	1	Loc090402-4m_megahit_metabat_bin-1024	00002	6.8e-68	221.1	0.0	8.6e-68	220.7	0.0	1.0	1	IS1595 family transposase ISCco3
cogOTU_2537	4QAIJ	1	Loc090402-8-9m_megahit_metabat_bin-0834	00022	6.8e-68	221.1	0.0	8.6e-68	220.7	0.0	1.0	1	IS1595 family transposase ISCco3
cogOTU_2537	4QE5G	1	Loc090402-4m_megahit_metabat_bin-1024	00009	3.6e-05	14.1	0.0	4.6e-05	13.7	0.0	1.1	1	hypothetical protein
cogOTU_2537	4QG2I	1	Loc090402-4m_megahit_metabat_bin-1024	00016	4.1e-13	41.3	0.0	4e-07	21.7	0.0	2.1	2	hypothetical protein
