cogOTU_1322	4QEJI	1	Loc090519-5m_megahit_metabat_bin-1126	00005	0.00017	14.3	0.2	0.00023	13.9	0.2	1.2	1	hypothetical protein
cogOTU_1322	4QFVP	1	Loc090116-4m_megahit_metabat_bin-1239	00019	0.00053	13.0	2.5	0.00056	12.9	1.6	1.6	1	hypothetical protein
cogOTU_1322	4QFVP	1	Loc090116-4m_megahit_metabat_bin-1432	00019	0.00053	13.0	2.5	0.00056	12.9	1.6	1.6	1	hypothetical protein
