cogOTU_1098	4QAS8	1	Loc080925-5m_megahit_metabat_bin-0557	00014	0.00085	12.2	0.2	0.00085	12.2	0.2	1.9	1	hypothetical protein
cogOTU_1098	4QAS8	1	Loc080925-6m_megahit_metabat_bin-1122	00010	0.0012	11.7	0.2	0.0012	11.7	0.2	2.0	1	hypothetical protein
cogOTU_1098	4QAS8	1	Loc081215-8m_megahit_metabat_bin-2301	00005	0.0035	10.2	3.1	0.0016	11.3	0.2	1.9	1	hypothetical protein
cogOTU_1098	4QAS8	1	Loc090907-8m_megahit_metabat_bin-324	00018	0.0035	10.2	3.1	0.0016	11.3	0.2	1.9	1	hypothetical protein
cogOTU_1098	4QDGV	1	Loc080925-5m_megahit_metabat_bin-0557	00019	0.00046	12.2	0.2	0.0006	11.8	0.2	1.1	1	hypothetical protein
cogOTU_1098	4QDGV	1	Loc080925-6m_megahit_metabat_bin-1122	00004	0.00046	12.2	0.2	0.0006	11.8	0.2	1.1	1	hypothetical protein
cogOTU_1098	4QDGV	1	Loc081215-8m_megahit_metabat_bin-2301	00010	0.00046	12.2	0.2	0.0006	11.8	0.2	1.1	1	hypothetical protein
cogOTU_1098	4QDGV	1	Loc090907-8m_megahit_metabat_bin-324	00003	0.00046	12.2	0.2	0.0006	11.8	0.2	1.1	1	hypothetical protein
cogOTU_1098	4QEVB	1	Loc080925-5m_megahit_metabat_bin-0557	00012	0.00045	12.5	1.3	0.0005	12.3	1.3	1.1	1	hypothetical protein
