cogOTU_2506	4QFM3	0	Loclat_megahit_metabat_bin-18958	00065	0.012	6.6	9.2	0.012	6.6	9.2	1.0	1	hypothetical protein
cogOTU_2506	4QH4H	1	Loc081215-8m_megahit_metabat_bin-1102	00004	0.00045	12.5	0.8	0.00058	12.2	0.8	1.2	1	hypothetical protein
cogOTU_2506	4QH4H	1	Loc081215-9m_megahit_metabat_bin-1952	00010	0.00045	12.5	0.8	0.00058	12.2	0.8	1.2	1	hypothetical protein
cogOTU_2506	4QH4H	1	Loclat_megahit_metabat_bin-18958	00038	0.00068	12.0	1.3	0.00089	11.6	1.3	1.2	1	hypothetical protein
