cogOTU_1532	4QGUS	0	Loc090402-7m_megahit_metabat_bin-0579	00020	0.016	6.0	7.7	0.11	3.2	7.7	1.9	1	hypothetical protein
cogOTU_1532	4QFAM	1	Loc090402-7m_megahit_metabat_bin-0579	00007	0.0003	12.7	0.6	0.00041	12.3	0.6	1.1	1	hypothetical protein
cogOTU_1532	4QFAM	1	Loc090519-8-7m_megahit_metabat_bin-1066	00024	0.0003	12.7	0.6	0.00041	12.3	0.6	1.1	1	hypothetical protein
cogOTU_1532	4QFAM	1	Loc090519-8-7m_megahit_metabat_bin-1066	00040	0.00031	12.7	0.6	0.00041	12.3	0.6	1.1	1	hypothetical protein
cogOTU_1532	4QGW7	1	Loc090519-8-7m_megahit_metabat_bin-1066	00004	0.00044	12.3	0.0	0.00057	12.0	0.0	1.2	1	hypothetical protein
cogOTU_1532	4QBUC	1	Loc090519-8-7m_megahit_metabat_bin-1066	00036	3e-42	135.3	13.9	3.4e-42	135.1	13.9	1.0	1	hypothetical protein
cogOTU_1532	4QGS7	1	Loc090402-7m_megahit_metabat_bin-0579	00014	9.1e-28	89.2	0.0	1.8e-27	88.2	0.0	1.4	1	hypothetical protein
cogOTU_1532	4QDJ0	1	Loc090519-8-7m_megahit_metabat_bin-1066	00029	0.00019	13.7	0.4	0.00069	11.9	0.4	2.0	1	hypothetical protein
cogOTU_1532	4QDJ0	1	Loc090402-7m_megahit_metabat_bin-0579	00012	0.0003	13.1	1.3	0.00058	12.2	0.4	2.0	1	hypothetical protein
cogOTU_1532	4QCWX	1	Loc090402-7m_megahit_metabat_bin-0579	00014	1.2e-14	46.0	0.0	2.4e-14	44.9	0.0	1.4	1	hypothetical protein
cogOTU_1532	4QGFJ	1	Loc090519-8-7m_megahit_metabat_bin-1066	00036	2.4e-20	63.7	8.3	3e-20	63.4	8.3	1.1	1	hypothetical protein
cogOTU_1532	4QC1Z	1	Loc090402-7m_megahit_metabat_bin-0579	00014	5.1e-07	20.9	0.0	7.4e-07	20.3	0.0	1.1	1	hypothetical protein
cogOTU_1532	4QGSS	1	Loc090402-7m_megahit_metabat_bin-0579	00012	0.0016	10.9	3.0	0.007	8.8	2.9	2.1	1	hypothetical protein
cogOTU_1532	4QGSS	1	Loc090519-8-7m_megahit_metabat_bin-1066	00029	0.002	10.5	3.4	0.0097	8.4	3.2	2.3	1	hypothetical protein
cogOTU_1532	4QEYN	1	Loc090402-7m_megahit_metabat_bin-0579	00015	0.00014	13.1	0.0	0.0002	12.5	0.0	1.2	1	hypothetical protein
cogOTU_1532	4QEYN	1	Loc090519-8-7m_megahit_metabat_bin-1066	00010	0.00076	10.7	0.0	0.0011	10.1	0.0	1.2	1	hypothetical protein
cogOTU_1532	4QFZI	1	Loc090402-7m_megahit_metabat_bin-0579	00014	4.9e-28	90.4	0.0	3.3e-27	87.7	0.0	1.8	1	hypothetical protein
cogOTU_1532	4QDFS	1	Loc090402-7m_megahit_metabat_bin-0579	00012	0.0044	9.1	6.1	0.021	6.8	6.3	2.0	1	hypothetical protein
cogOTU_1532	4QDFS	1	Loc090519-8-7m_megahit_metabat_bin-1066	00029	0.0053	8.8	5.9	0.032	6.3	6.4	2.1	1	hypothetical protein
