cogOTU_1838	4QGP7	1	Loc090402-8m_megahit_metabat_bin-0429	00006	4.2e-16	48.2	0.0	4.2e-16	48.2	0.0	2.1	1	hypothetical protein
cogOTU_1838	4QGP7	1	Loc090402-7m_megahit_metabat_bin-0160	00001	3.6e-15	45.1	0.0	3.6e-15	45.1	0.0	2.1	1	hypothetical protein
cogOTU_1838	4QBIN	1	Loc090402-8m_megahit_metabat_bin-0429	00005	0.00027	12.1	0.7	0.002	9.3	0.1	2.2	2	hypothetical protein
cogOTU_1838	4QF0B	1	Loc090402-7m_megahit_metabat_bin-0160	00008	4.3e-05	14.1	0.1	5.9e-05	13.6	0.1	1.2	1	hypothetical protein
cogOTU_1838	4QF0B	1	Loc090402-8m_megahit_metabat_bin-0429	00009	0.00025	11.5	0.1	0.00036	11.0	0.1	1.2	1	hypothetical protein
cogOTU_1838	4QDB6	1	Loc090402-7m_megahit_metabat_bin-0160	00005	1.2e-05	16.4	1.3	1.2e-05	16.4	1.3	1.7	1	hypothetical protein
cogOTU_1838	4QDB6	1	Loc090402-8m_megahit_metabat_bin-0429	00001	1.2e-05	16.4	1.3	1.2e-05	16.4	1.3	1.7	1	hypothetical protein
cogOTU_1838	4QDB6	1	Loclat_megahit_metabat_bin-04736	00005	1.2e-05	16.4	1.3	1.2e-05	16.4	1.3	1.7	1	hypothetical protein
cogOTU_1838	4QEX9	1	Loc090402-8m_megahit_metabat_bin-0429	00006	2.5e-11	32.5	0.0	2.5e-11	32.5	0.0	2.2	1	hypothetical protein
cogOTU_1838	4QE7D	1	Loc090402-7m_megahit_metabat_bin-0160	00010	9e-05	12.8	0.1	0.00011	12.5	0.1	1.1	1	hypothetical protein
cogOTU_1838	4QG4G	1	Loc090402-8m_megahit_metabat_bin-0429	00006	1.8e-06	17.9	0.0	1.4e-05	14.9	0.0	2.1	2	hypothetical protein
cogOTU_1838	4QG4G	1	Loc090402-7m_megahit_metabat_bin-0160	00001	5.6e-06	16.2	0.0	4.4e-05	13.3	0.0	2.1	2	hypothetical protein
cogOTU_1838	4QFH8	1	Loclat_megahit_metabat_bin-04736	00001	0.00016	12.1	0.0	0.00028	11.2	0.0	1.6	1	hypothetical protein
cogOTU_1838	4QFH8	1	Loc090402-8m_megahit_metabat_bin-0429	00009	0.00018	11.9	0.0	0.00032	11.1	0.0	1.6	1	hypothetical protein
cogOTU_1838	4QHHC	1	Loc090402-7m_megahit_metabat_bin-0160	00010	3.7e-05	14.8	0.1	4.3e-05	14.6	0.1	1.2	1	hypothetical protein
cogOTU_1838	4QC7E	1	Loc090402-7m_megahit_metabat_bin-0160	00005	0.00018	12.3	0.0	0.00024	11.9	0.0	1.1	1	hypothetical protein
cogOTU_1838	4QC7E	1	Loc090402-8m_megahit_metabat_bin-0429	00001	0.00018	12.3	0.0	0.00024	11.9	0.0	1.1	1	hypothetical protein
cogOTU_1838	4QC7E	1	Loclat_megahit_metabat_bin-04736	00005	0.00018	12.3	0.0	0.00024	11.9	0.0	1.1	1	hypothetical protein
cogOTU_1838	4QFPG	1	Loc090402-8m_megahit_metabat_bin-0429	00006	2.9e-13	38.7	0.1	2.9e-13	38.7	0.1	2.5	2	hypothetical protein
