cogOTU_2247	4QEXS	1	Loc090116-8m_megahit_metabat_bin-0258	00019	0.00026	13.1	0.1	0.0032	9.6	0.0	2.5	1	Tyrosine recombinase XerC
cogOTU_2247	4QEXS	1	Loc090116-9m_megahit_metabat_bin-0420	00011	0.00026	13.1	0.1	0.0032	9.6	0.0	2.5	1	Tyrosine recombinase XerC
cogOTU_2247	4QAP5	1	Loc090116-9m_megahit_metabat_bin-0420	00016	0.00035	12.5	2.7	0.00068	11.5	1.0	2.3	1	hypothetical protein
cogOTU_2247	4QG5I	1	Loc090116-8m_megahit_metabat_bin-0258	00012	0.0003	11.9	0.1	0.0003	11.9	0.1	1.9	1	hypothetical protein
cogOTU_2247	4QG5I	1	Loc090116-9m_megahit_metabat_bin-0420	00016	0.0003	11.9	0.1	0.0003	11.9	0.1	1.8	1	hypothetical protein
cogOTU_2247	4QAQE	1	Loc090116-8m_megahit_metabat_bin-0258	00006	7.2e-33	105.8	0.1	8.3e-33	105.6	0.1	1.0	1	Tyrosine recombinase XerC
cogOTU_2247	4QAQE	1	Loc090116-8m_megahit_metabat_bin-0258	00019	3.9e-30	96.8	0.2	4.5e-30	96.6	0.2	1.0	1	Tyrosine recombinase XerC
cogOTU_2247	4QAQE	1	Loc090116-9m_megahit_metabat_bin-0420	00011	3.9e-30	96.8	0.2	4.5e-30	96.6	0.2	1.0	1	Tyrosine recombinase XerC
cogOTU_2247	4QAQE	1	Loc090116-8m_megahit_metabat_bin-0258	00004	1e-28	92.2	0.2	1.2e-28	92.0	0.2	1.0	1	Tyrosine recombinase XerC
cogOTU_2247	4QAQE	1	Loc090116-9m_megahit_metabat_bin-0420	00006	1e-28	92.2	0.2	1.2e-28	92.0	0.2	1.0	1	Tyrosine recombinase XerC
cogOTU_2247	4QAQE	1	Loc090116-9m_megahit_metabat_bin-0420	00016	2e-26	84.6	18.8	3.7e-26	83.8	18.8	1.3	1	hypothetical protein
cogOTU_2247	4QAQE	1	Loc090116-8m_megahit_metabat_bin-0258	00012	2.2e-26	84.5	19.0	4.3e-26	83.6	19.0	1.3	1	hypothetical protein
cogOTU_2247	4QBSQ	1	Loc090116-8m_megahit_metabat_bin-0258	00009	5.3e-05	13.1	0.6	6.3e-05	12.9	0.6	1.0	1	hypothetical protein
cogOTU_2247	4QBSQ	1	Loc090116-9m_megahit_metabat_bin-0420	00013	5.3e-05	13.1	0.6	6.3e-05	12.9	0.6	1.0	1	hypothetical protein
cogOTU_2247	4QBNG	1	Loc090116-9m_megahit_metabat_bin-0420	00004	0.00021	12.6	5.6	0.00037	11.8	4.6	1.9	1	hypothetical protein
cogOTU_2247	4QGDF	1	Loc090116-9m_megahit_metabat_bin-0420	00007	0.0001	12.0	0.1	0.00013	11.7	0.1	1.1	1	hypothetical protein
