cogOTU_88	4QAJA	1	Loc090907-8m_megahit_metabat_bin-133	00031	0.00034	12.5	1.5	0.00038	12.4	1.5	1.1	1	hypothetical protein
cogOTU_88	4QH9I	0	Loc090907-8m_megahit_metabat_bin-133	00001	0.076	4.2	37.1	0.0098	7.2	2.3	4.5	4	hypothetical protein
