cogOTU_2169	4QD2V	1	Loc090116-7m_megahit_metabat_bin-0794	00001	0.0036	7.6	6.8	0.0067	6.8	6.8	1.3	1	hypothetical protein
cogOTU_2169	4QG1X	0	Loc090116-4m_megahit_metabat_bin-0857	00003	0.084	5.1	8.8	0.015	7.5	0.7	2.7	2	hypothetical protein
cogOTU_2169	4QG1X	0	Loc090116-7m_megahit_metabat_bin-0794	00014	0.084	5.1	8.8	0.015	7.5	0.7	2.7	2	hypothetical protein
cogOTU_2169	4QG1X	0	Loc090116-8m_megahit_metabat_bin-0862	00002	0.084	5.1	8.8	0.015	7.5	0.7	2.7	2	hypothetical protein
cogOTU_2169	4QDKA	1	Loc090116-7m_megahit_metabat_bin-0794	00010	0.00041	11.7	0.0	0.00043	11.6	0.0	1.1	1	hypothetical protein
cogOTU_2169	4QGMQ	1	Loc090116-7m_megahit_metabat_bin-0794	00001	0.00018	13.5	0.5	0.01	7.8	0.5	3.0	2	hypothetical protein
cogOTU_2169	4QGMQ	1	Loc090116-4m_megahit_metabat_bin-0857	00001	0.0002	13.3	0.4	0.012	7.6	0.4	3.0	2	hypothetical protein
cogOTU_2169	4QGMQ	1	Loc090116-9m_megahit_metabat_bin-1273	00005	0.00096	11.1	2.0	0.026	6.5	0.8	3.6	1	hypothetical protein
cogOTU_2169	4QCX5	1	Loc090116-7m_megahit_metabat_bin-0794	00006	6.6e-40	128.4	0.0	7.2e-40	128.3	0.0	1.0	1	hypothetical protein
cogOTU_2169	4QCX5	1	Loc090116-9m_megahit_metabat_bin-1273	00012	1e-39	127.8	0.0	1.1e-39	127.7	0.0	1.0	1	hypothetical protein
cogOTU_2169	4QCX5	1	Loc090116-4m_megahit_metabat_bin-0857	00014	1.1e-39	127.7	0.0	1.2e-39	127.6	0.0	1.0	1	hypothetical protein
cogOTU_2169	4QECV	1	Loc090116-7m_megahit_metabat_bin-0794	00006	0.00036	11.7	0.0	0.00048	11.3	0.0	1.1	1	hypothetical protein
