cogOTU_1274	4QDMR	1	Loc090402-7m_megahit_metabat_bin-0413	00006	0.00015	12.4	0.0	0.00024	11.7	0.0	1.3	1	hypothetical protein
cogOTU_1274	4QDMR	1	Loc090402-8-9m_megahit_metabat_bin-0199	00006	0.00015	12.4	0.0	0.00024	11.7	0.0	1.3	1	hypothetical protein
cogOTU_1274	4QHCZ	1	Loc090402-7m_megahit_metabat_bin-0413	00008	0.00055	8.7	8.2	0.00061	8.6	8.2	1.0	1	hypothetical protein
cogOTU_1274	4QHCZ	1	Loc090402-8-9m_megahit_metabat_bin-0199	00008	0.00055	8.7	8.2	0.00061	8.6	8.2	1.0	1	hypothetical protein
cogOTU_1274	4QC6R	1	Loc090402-7m_megahit_metabat_bin-0413	00008	0.00013	10.9	1.8	0.00014	10.7	1.8	1.0	1	hypothetical protein
cogOTU_1274	4QC6R	1	Loc090402-8-9m_megahit_metabat_bin-0199	00008	0.00013	10.9	1.8	0.00014	10.7	1.8	1.0	1	hypothetical protein
cogOTU_1274	4QATV	1	Loc090402-7m_megahit_metabat_bin-0413	00005	0.00018	11.1	2.4	0.00025	10.6	2.4	1.2	1	hypothetical protein
cogOTU_1274	4QATV	1	Loc090402-8-9m_megahit_metabat_bin-0199	00005	0.00018	11.1	2.4	0.00025	10.6	2.4	1.2	1	hypothetical protein
cogOTU_1274	4QB5W	1	Loc090402-7m_megahit_metabat_bin-0413	00009	3.1e-15	47.0	257.8	3.4e-05	14.1	14.2	17.6	17	hypothetical protein
cogOTU_1274	4QB5W	1	Loc090402-8-9m_megahit_metabat_bin-0199	00009	3.1e-15	47.0	257.8	3.4e-05	14.1	14.2	17.6	17	hypothetical protein
cogOTU_1274	4QH28	1	Loc090402-7m_megahit_metabat_bin-0413	00008	0.003	7.2	10.3	0.0034	7.0	10.3	1.0	1	hypothetical protein
cogOTU_1274	4QH28	1	Loc090402-8-9m_megahit_metabat_bin-0199	00008	0.003	7.2	10.3	0.0034	7.0	10.3	1.0	1	hypothetical protein
