cogOTU_1982	4QDMR	1	Loc090402-8m_megahit_metabat_bin-1038	00005	0.00017	12.4	0.0	0.00028	11.7	0.0	1.3	1	hypothetical protein
cogOTU_1982	4QDMR	1	Loclat_megahit_metabat_bin-20982	00008	0.00017	12.4	0.0	0.00028	11.7	0.0	1.3	1	hypothetical protein
cogOTU_1982	4QHCZ	1	Loc090402-8m_megahit_metabat_bin-1038	00007	0.00065	8.7	8.2	0.00072	8.6	8.2	1.0	1	hypothetical protein
cogOTU_1982	4QHCZ	1	Loclat_megahit_metabat_bin-20982	00010	0.00065	8.7	8.2	0.00072	8.6	8.2	1.0	1	hypothetical protein
cogOTU_1982	4QC6R	1	Loc090402-8m_megahit_metabat_bin-1038	00007	0.00015	10.9	1.8	0.00017	10.7	1.8	1.0	1	hypothetical protein
cogOTU_1982	4QC6R	1	Loclat_megahit_metabat_bin-20982	00010	0.00015	10.9	1.8	0.00017	10.7	1.8	1.0	1	hypothetical protein
cogOTU_1982	4QATV	1	Loc090402-8m_megahit_metabat_bin-1038	00004	0.00021	11.1	2.4	0.0003	10.6	2.4	1.2	1	hypothetical protein
cogOTU_1982	4QATV	1	Loclat_megahit_metabat_bin-20982	00007	0.00021	11.1	2.4	0.0003	10.6	2.4	1.2	1	hypothetical protein
cogOTU_1982	4QB5W	1	Loc090402-8m_megahit_metabat_bin-1038	00002	2e-08	24.9	137.7	4.4e-05	14.0	16.8	9.1	7	hypothetical protein
cogOTU_1982	4QH28	1	Loc090402-8m_megahit_metabat_bin-1038	00007	0.0036	7.2	10.3	0.004	7.0	10.3	1.0	1	hypothetical protein
cogOTU_1982	4QH28	1	Loclat_megahit_metabat_bin-20982	00010	0.0036	7.2	10.3	0.004	7.0	10.3	1.0	1	hypothetical protein
