cogOTU_1287	4QDFK	1	Loc090721-8-6m_megahit_metabat_bin-0911	00017	3.9e-05	17.1	2.1	0.0012	12.4	0.0	2.9	2	hypothetical protein
cogOTU_1287	4QDFK	1	Loc090519-8-7m_megahit_metabat_bin-1632	00002	6.4e-05	16.4	1.6	0.00094	12.7	0.0	2.8	2	hypothetical protein
cogOTU_1287	4QDFK	1	Loc090721-8m_megahit_metabat_bin-439	00012	0.0014	12.1	0.0	0.0014	12.1	0.0	3.2	2	hypothetical protein
cogOTU_1287	4QD4D	1	Loc090402-1m_megahit_metabat_bin-0672	00002	0.00025	14.5	0.3	0.00028	14.4	0.3	1.1	1	hypothetical protein
cogOTU_1287	4QD4D	1	Loc090402-7m_megahit_metabat_bin-1360	00001	0.00025	14.5	0.3	0.00028	14.4	0.3	1.1	1	hypothetical protein
cogOTU_1287	4QD4D	1	Loc090721-7m_megahit_metabat_bin-448	00008	0.00025	14.5	0.3	0.00028	14.4	0.3	1.1	1	hypothetical protein
cogOTU_1287	4QD4D	1	Loc090721-8-6m_megahit_metabat_bin-0911	00027	0.00025	14.5	0.3	0.00028	14.4	0.3	1.1	1	hypothetical protein
cogOTU_1287	4QD4D	1	Loc090907-6m_megahit_metabat_bin-377	00001	0.00025	14.5	0.3	0.00028	14.4	0.3	1.1	1	hypothetical protein
cogOTU_1287	4QDQ1	1	Loc090721-8-6m_megahit_metabat_bin-0911	00014	0.00051	13.3	0.0	0.00054	13.2	0.0	1.0	1	hypothetical protein
