cogOTU_1815	4QCSV	1	Loc090402-7m_megahit_metabat_bin-0096	00006	0.00044	12.0	0.6	0.0014	10.4	0.1	1.8	2	hypothetical protein
cogOTU_1815	4QCSV	1	Loc090402-8m_megahit_metabat_bin-1678	00013	0.00044	12.0	0.6	0.0014	10.4	0.1	1.8	2	hypothetical protein
cogOTU_1815	4QBU2	1	Loc090402-7m_megahit_metabat_bin-0096	00004	4.4e-05	15.2	1.1	5.7e-05	14.8	1.1	1.1	1	hypothetical protein
cogOTU_1815	4QBU2	1	Loc090402-8m_megahit_metabat_bin-1678	00011	4.4e-05	15.2	1.1	5.7e-05	14.8	1.1	1.1	1	hypothetical protein
cogOTU_1815	4QFBD	1	Loc090402-7m_megahit_metabat_bin-0096	00008	0.00038	10.5	0.0	0.00038	10.5	0.0	1.0	1	hypothetical protein
cogOTU_1815	4QFBD	1	Loc090402-8m_megahit_metabat_bin-1678	00015	0.00038	10.5	0.0	0.00038	10.5	0.0	1.0	1	hypothetical protein
cogOTU_1815	4QBFH	1	Loc090402-7m_megahit_metabat_bin-0096	00008	0.00011	14.7	0.0	0.00012	14.5	0.0	1.1	1	hypothetical protein
cogOTU_1815	4QBFH	1	Loc090402-8m_megahit_metabat_bin-1678	00015	0.00011	14.7	0.0	0.00012	14.5	0.0	1.1	1	hypothetical protein
cogOTU_1815	4QERW	1	Loc090402-7m_megahit_metabat_bin-0096	00020	0.00014	12.3	0.1	0.00014	12.3	0.1	1.1	1	hypothetical protein
cogOTU_1815	4QERW	1	Loc090402-8m_megahit_metabat_bin-1678	00027	0.00014	12.3	0.1	0.00014	12.3	0.1	1.1	1	hypothetical protein
cogOTU_1815	4QDZ8	1	Loc090402-7m_megahit_metabat_bin-0096	00024	0.00038	13.0	0.1	0.00087	11.9	0.0	1.5	1	hypothetical protein
cogOTU_1815	4QDZ8	1	Loc090402-8m_megahit_metabat_bin-1678	00031	0.00038	13.0	0.1	0.00087	11.9	0.0	1.5	1	hypothetical protein
cogOTU_1815	4QH9D	1	Loc090402-7m_megahit_metabat_bin-0096	00010	0.00026	13.3	0.0	0.00027	13.3	0.0	1.1	1	hypothetical protein
cogOTU_1815	4QH9D	1	Loc090402-8m_megahit_metabat_bin-1678	00017	0.00026	13.3	0.0	0.00027	13.3	0.0	1.1	1	hypothetical protein
cogOTU_1815	4QBHH	1	Loc090402-7m_megahit_metabat_bin-0096	00031	0.00037	12.3	0.0	0.00062	11.5	0.0	1.4	1	hypothetical protein
cogOTU_1815	4QBHH	1	Loc090402-8m_megahit_metabat_bin-1678	00002	0.00037	12.3	0.0	0.00062	11.5	0.0	1.4	1	hypothetical protein
cogOTU_1815	4QC19	1	Loc090402-8m_megahit_metabat_bin-1678	00005	4e-05	15.9	0.9	4.1e-05	15.9	0.9	1.1	1	hypothetical protein
