cogOTU_1835	4QDGC	1	Loc090721-7m_megahit_metabat_bin-642	00013	0.00012	12.3	0.0	0.00016	11.9	0.0	1.1	1	hypothetical protein
cogOTU_1835	4QE4B	1	Loc090721-7m_megahit_metabat_bin-642	00011	5.3e-13	38.4	3.4	3.6e-10	29.0	0.1	1.7	2	hypothetical protein
cogOTU_1835	4QE4B	1	Loc090519-8m_megahit_metabat_bin-0502	00004	7.8e-13	37.8	5.7	4.3e-10	28.7	0.1	1.8	2	hypothetical protein
cogOTU_1835	4QG17	1	Loc090519-8m_megahit_metabat_bin-0502	00009	0.0003	11.8	0.2	0.00066	10.6	0.2	1.5	1	hypothetical protein
cogOTU_1835	4QG17	1	Loc090721-7m_megahit_metabat_bin-642	00005	0.0003	11.8	0.2	0.00066	10.6	0.2	1.5	1	hypothetical protein
cogOTU_1835	4QCAT	1	Loc090519-8m_megahit_metabat_bin-0502	00010	9.8e-18	55.0	58.8	4e-17	53.0	58.8	2.0	1	hypothetical protein
cogOTU_1835	4QCAT	1	Loc090721-7m_megahit_metabat_bin-642	00007	4e-17	53.0	58.8	4e-17	53.0	58.8	2.0	1	hypothetical protein
cogOTU_1835	4QEPU	1	Loc090721-7m_megahit_metabat_bin-642	00011	3e-06	18.0	22.4	4.8e-06	17.3	0.3	3.0	2	hypothetical protein
cogOTU_1835	4QEPU	1	Loc090519-8m_megahit_metabat_bin-0502	00004	3e-06	18.0	23.3	6.3e-06	16.9	0.3	3.1	2	hypothetical protein
cogOTU_1835	4QDEA	0	Loc090519-8m_megahit_metabat_bin-0502	00004	0.017	4.3	41.4	0.02	4.0	41.4	1.1	1	hypothetical protein
cogOTU_1835	4QDEA	0	Loc090721-7m_megahit_metabat_bin-642	00011	0.018	4.2	39.3	0.023	3.9	39.3	1.2	1	hypothetical protein
cogOTU_1835	4QCBC	1	Loc090721-7m_megahit_metabat_bin-642	00013	1.6e-05	15.8	0.1	2.6e-05	15.1	0.1	1.3	1	hypothetical protein
