cogOTU_2529	4QGQB	1	Loc090721-5m_megahit_metabat_bin-725	00013	0.0008	10.5	0.2	0.00075	10.6	0.2	1.0	1	hypothetical protein
cogOTU_2529	4QDFK	1	Loc080925-8m_megahit_metabat_bin-377	00002	9.2e-05	14.8	0.0	0.00033	13.1	0.0	2.0	1	hypothetical protein
cogOTU_2529	4QC9M	0	Loc080925-8m_megahit_metabat_bin-377	00006	0.041	4.4	4.9	0.045	4.2	4.9	1.0	1	hypothetical protein
cogOTU_2529	4QC9M	0	Loc090721-4m_megahit_metabat_bin-0161	00018	0.041	4.4	4.9	0.045	4.2	4.9	1.0	1	hypothetical protein
cogOTU_2529	4QC9M	0	Loc090721-5m_megahit_metabat_bin-725	00031	0.041	4.4	4.9	0.045	4.2	4.9	1.0	1	hypothetical protein
cogOTU_2529	4QC79	1	Loc090721-4m_megahit_metabat_bin-0161	00023	0.0012	10.7	0.1	0.0013	10.6	0.1	1.0	1	hypothetical protein
cogOTU_2529	4QC79	1	Loc090721-5m_megahit_metabat_bin-725	00001	0.0012	10.7	0.1	0.0013	10.6	0.1	1.0	1	hypothetical protein
