cogOTU_471	4QHF8	1	Loc090721-6m_megahit_metabat_bin-764	00030	1.4e-16	52.8	0.1	1.8e-16	52.4	0.1	1.1	1	hypothetical protein
cogOTU_471	4QHF8	1	Loc090721-8-6m_megahit_metabat_bin-0620	00012	1.4e-16	52.8	0.1	1.8e-16	52.4	0.1	1.1	1	hypothetical protein
cogOTU_471	4QD0I	1	Loc090721-6m_megahit_metabat_bin-764	00016	3.3e-06	19.1	0.5	1.3e-05	17.2	0.3	1.9	2	hypothetical protein
cogOTU_471	4QD0I	1	Loc090721-8-6m_megahit_metabat_bin-0620	00026	3.3e-06	19.1	0.5	1.3e-05	17.2	0.3	1.9	2	hypothetical protein
cogOTU_471	4QE85	1	Loc090721-8-6m_megahit_metabat_bin-0620	00003	3.1e-05	15.0	1.6	3.8e-05	14.7	1.6	1.1	1	hypothetical protein
cogOTU_471	4QFD8	1	Loc090721-6m_megahit_metabat_bin-764	00014	4.1e-62	202.3	0.2	5e-62	202.0	0.2	1.1	1	DNA primase TraC
cogOTU_471	4QFD8	1	Loc090721-8-6m_megahit_metabat_bin-0620	00028	4.1e-62	202.3	0.2	5e-62	202.0	0.2	1.1	1	DNA primase TraC
cogOTU_471	4QAR1	1	Loc090721-8-6m_megahit_metabat_bin-0620	00018	2.3e-11	36.2	0.0	3.6e-11	35.5	0.0	1.3	1	hypothetical protein
cogOTU_471	4QAR1	1	Loc090721-6m_megahit_metabat_bin-764	00024	2.3e-11	36.2	0.0	3.6e-11	35.5	0.0	1.3	1	hypothetical protein
cogOTU_471	4QC67	1	Loc090721-6m_megahit_metabat_bin-764	00016	0.0002	13.6	0.1	0.00039	12.7	0.1	1.4	1	hypothetical protein
cogOTU_471	4QC67	1	Loc090721-8-6m_megahit_metabat_bin-0620	00026	0.0002	13.6	0.1	0.00039	12.7	0.1	1.4	1	hypothetical protein
cogOTU_471	4QHFA	1	Loc090721-6m_megahit_metabat_bin-764	00025	3.6e-08	25.0	0.0	4.3e-08	24.7	0.0	1.1	1	hypothetical protein
cogOTU_471	4QHFA	1	Loc090721-8-6m_megahit_metabat_bin-0620	00017	3.6e-08	25.0	0.0	4.3e-08	24.7	0.0	1.1	1	hypothetical protein
