cogOTU_800	4QF3E	1	Loc080925-5m_megahit_metabat_bin-0150	00014	0.00017	10.5	0.0	0.00017	10.4	0.0	1.0	1	hypothetical protein
cogOTU_800	4QF3E	1	Loc080925-5m_megahit_metabat_bin-0746	00014	0.00017	10.5	0.0	0.00017	10.4	0.0	1.0	1	hypothetical protein
cogOTU_800	4QBQM	1	Loc080925-5m_megahit_metabat_bin-0150	00009	0.0001	11.7	0.0	0.0001	11.7	0.0	1.0	1	hypothetical protein
cogOTU_800	4QBQM	1	Loc080925-5m_megahit_metabat_bin-0746	00009	0.0001	11.7	0.0	0.0001	11.7	0.0	1.0	1	hypothetical protein
cogOTU_800	4QDQQ	1	Loc080925-5m_megahit_metabat_bin-0150	00007	7.7e-05	13.9	1.2	8.5e-05	13.7	1.2	1.1	1	hypothetical protein
cogOTU_800	4QDQQ	1	Loc080925-5m_megahit_metabat_bin-0746	00007	7.7e-05	13.9	1.2	8.5e-05	13.7	1.2	1.1	1	hypothetical protein
