cogOTU_2702	4QD3Z	1	Loc081215-8m_megahit_metabat_bin-2188	00014	5.8e-14	39.5	22.5	5.8e-14	39.5	22.5	3.2	3	hypothetical protein
cogOTU_2702	4QD3Z	1	Loc090116-9m_megahit_metabat_bin-0044	00002	5.8e-14	39.5	22.5	5.8e-14	39.5	22.5	3.2	3	hypothetical protein
cogOTU_2702	4QHC8	1	Loc081215-8m_megahit_metabat_bin-2188	00011	6.5e-06	17.1	0.0	9.9e-06	16.5	0.0	1.3	1	hypothetical protein
cogOTU_2702	4QHC8	1	Loc090116-9m_megahit_metabat_bin-0044	00005	6.5e-06	17.1	0.0	9.9e-06	16.5	0.0	1.3	1	hypothetical protein
cogOTU_2702	4QBUC	1	Loc081215-8m_megahit_metabat_bin-2188	00014	5.7e-18	53.6	39.4	1.6e-14	42.1	22.6	4.5	5	hypothetical protein
cogOTU_2702	4QBUC	1	Loc090116-9m_megahit_metabat_bin-0044	00002	5.7e-18	53.6	39.4	1.6e-14	42.1	22.6	4.5	5	hypothetical protein
cogOTU_2702	4QGKK	1	Loc090116-9m_megahit_metabat_bin-0044	00017	0.003	9.4	5.3	0.0012	10.7	2.3	1.9	1	hypothetical protein
cogOTU_2702	4QB1D	1	Loc081215-8m_megahit_metabat_bin-2188	00014	2.4e-09	27.7	20.9	1.5e-05	15.2	1.0	5.0	4	hypothetical protein
cogOTU_2702	4QB1D	1	Loc090116-9m_megahit_metabat_bin-0044	00002	2.4e-09	27.7	20.9	1.5e-05	15.2	1.0	5.0	4	hypothetical protein
cogOTU_2702	4QE1R	1	Loc081215-8m_megahit_metabat_bin-2188	00015	0.00032	11.2	1.9	0.00036	11.0	1.9	1.0	1	hypothetical protein
cogOTU_2702	4QDT4	1	Loc081215-8m_megahit_metabat_bin-2188	00003	0.00012	13.3	0.0	0.0026	9.1	0.0	2.2	2	hypothetical protein
cogOTU_2702	4QDT4	1	Loc090116-9m_megahit_metabat_bin-0044	00008	0.00012	13.3	0.0	0.0026	9.1	0.0	2.2	2	hypothetical protein
cogOTU_2702	4QEUP	1	Loc081215-8m_megahit_metabat_bin-2188	00011	7.1e-07	19.5	0.0	9.5e-07	19.0	0.0	1.2	1	hypothetical protein
cogOTU_2702	4QEUP	1	Loc090116-9m_megahit_metabat_bin-0044	00005	7.1e-07	19.5	0.0	9.5e-07	19.0	0.0	1.2	1	hypothetical protein
cogOTU_2702	4QBM0	1	Loc081215-8m_megahit_metabat_bin-2188	00003	0.00022	12.5	0.1	0.00025	12.3	0.1	1.2	1	hypothetical protein
cogOTU_2702	4QBM0	1	Loc090116-9m_megahit_metabat_bin-0044	00008	0.00022	12.5	0.1	0.00025	12.3	0.1	1.2	1	hypothetical protein
