cogOTU_111	4QB9Y	1	Loc080925-4-5m_megahit_metabat_bin-0282	00007	1.5e-10	30.8	0.0	1.3e-07	21.1	0.0	2.1	2	hypothetical protein
cogOTU_111	4QB9Y	1	Loc080925-4m_megahit_metabat_bin-0136	00005	1.5e-10	30.8	0.0	1.3e-07	21.1	0.0	2.1	2	hypothetical protein
cogOTU_111	4QBY0	1	Loc080925-4-5m_megahit_metabat_bin-0282	00007	8.3e-05	12.6	0.0	0.00013	12.0	0.0	1.1	1	hypothetical protein
cogOTU_111	4QBY0	1	Loc080925-4m_megahit_metabat_bin-0136	00005	8.3e-05	12.6	0.0	0.00013	12.0	0.0	1.1	1	hypothetical protein
cogOTU_111	4QAQE	1	Loc080925-4-5m_megahit_metabat_bin-0282	00009	1.4e-24	78.1	0.0	5.2e-24	76.2	0.0	1.9	1	hypothetical protein
cogOTU_111	4QFTI	1	Loc080925-4-5m_megahit_metabat_bin-0282	00002	0.00015	12.8	0.0	0.0025	8.9	0.0	2.3	2	hypothetical protein
cogOTU_111	4QFTI	1	Loc080925-4m_megahit_metabat_bin-0136	00010	0.00015	12.8	0.0	0.0025	8.9	0.0	2.3	2	hypothetical protein
cogOTU_111	4QBIH	1	Loc080925-4m_megahit_metabat_bin-0136	00003	8.1e-43	137.7	0.0	1e-41	134.1	0.0	1.9	1	hypothetical protein
cogOTU_111	4QBIH	1	Loc080925-4-5m_megahit_metabat_bin-0282	00015	7.8e-29	91.6	0.2	1.7e-27	87.2	0.2	2.0	1	hypothetical protein
cogOTU_111	4QAY9	1	Loc080925-4-5m_megahit_metabat_bin-0282	00007	2.8e-31	99.9	0.5	3.6e-31	99.6	0.5	1.1	1	hypothetical protein
cogOTU_111	4QAY9	1	Loc080925-4m_megahit_metabat_bin-0136	00005	2.8e-31	99.9	0.5	3.6e-31	99.6	0.5	1.1	1	hypothetical protein
cogOTU_111	4QE43	1	Loc080925-4-5m_megahit_metabat_bin-0282	00009	0.0011	10.1	10.2	0.0017	9.5	0.2	3.8	4	hypothetical protein
cogOTU_111	4QCR3	1	Loc080925-4-5m_megahit_metabat_bin-0282	00007	0.00011	12.7	0.0	0.00017	12.1	0.0	1.2	1	hypothetical protein
cogOTU_111	4QCR3	1	Loc080925-4m_megahit_metabat_bin-0136	00005	0.00011	12.7	0.0	0.00017	12.1	0.0	1.2	1	hypothetical protein
