cogOTU_565	4QBQU	1	Loc090721-8-6m_megahit_metabat_bin-0021	00019	0.00011	14.2	3.2	0.00012	14.0	3.2	1.0	1	hypothetical protein
cogOTU_565	4QBQU	1	Loc090907-8m_megahit_metabat_bin-746	00018	0.00011	14.2	3.2	0.00012	14.0	3.2	1.0	1	hypothetical protein
cogOTU_565	4QBQU	1	Loclat_megahit_metabat_bin-16202	00008	0.00011	14.2	3.2	0.00012	14.0	3.2	1.0	1	hypothetical protein
cogOTU_565	4QFRM	1	Loc090721-8-6m_megahit_metabat_bin-0021	00025	0.00035	13.1	0.0	0.00089	11.8	0.0	1.6	1	hypothetical protein
cogOTU_565	4QFRM	1	Loc090907-8m_megahit_metabat_bin-746	00024	0.00035	13.1	0.0	0.00089	11.8	0.0	1.6	1	hypothetical protein
cogOTU_565	4QFRM	1	Loclat_megahit_metabat_bin-16202	00002	0.00035	13.1	0.0	0.00089	11.8	0.0	1.6	1	hypothetical protein
cogOTU_565	4QHQC	1	Loc090721-8-6m_megahit_metabat_bin-0021	00021	0.00059	12.1	0.0	0.0012	11.2	0.0	1.5	1	hypothetical protein
cogOTU_565	4QHQC	1	Loc090907-8m_megahit_metabat_bin-746	00020	0.00059	12.1	0.0	0.0012	11.2	0.0	1.5	1	hypothetical protein
cogOTU_565	4QHQC	1	Loclat_megahit_metabat_bin-16202	00006	0.00059	12.1	0.0	0.0012	11.2	0.0	1.5	1	hypothetical protein
cogOTU_565	4QFS0	1	Loc090721-8-6m_megahit_metabat_bin-0021	00017	0.00032	12.7	0.0	0.00038	12.5	0.0	1.1	1	hypothetical protein
cogOTU_565	4QFS0	1	Loc090907-8m_megahit_metabat_bin-746	00016	0.00032	12.7	0.0	0.00038	12.5	0.0	1.1	1	hypothetical protein
cogOTU_565	4QFS0	1	Loclat_megahit_metabat_bin-16202	00010	0.00032	12.7	0.0	0.00038	12.5	0.0	1.1	1	hypothetical protein
