cogOTU_1295	4QAUM	1	Loc090907-6m_megahit_metabat_bin-495	00008	0.0012	9.1	7.2	0.00041	10.7	0.8	2.1	2	hypothetical protein
cogOTU_1295	4QAUM	1	Loclat_megahit_metabat_bin-16296	00009	0.0012	9.1	7.2	0.00041	10.7	0.8	2.1	2	hypothetical protein
cogOTU_1295	4QEPR	1	Loc090907-6m_megahit_metabat_bin-495	00004	0.00012	13.0	1.3	0.00018	12.5	1.3	1.3	1	hypothetical protein
