cogOTU_250	4QBDF	1	Loc090519-5m_megahit_metabat_bin-0228	00028	0.00048	12.6	0.2	0.00048	12.6	0.2	1.0	1	hypothetical protein
cogOTU_250	4QBDF	1	Loc090519-6m_megahit_metabat_bin-0516	00005	0.00048	12.6	0.2	0.00048	12.6	0.2	1.0	1	hypothetical protein
cogOTU_250	4QBDF	1	Loc090519-7m_megahit_metabat_bin-0406	00006	0.00048	12.6	0.2	0.00048	12.6	0.2	1.0	1	hypothetical protein
cogOTU_250	4QBDF	1	Loc090519-8-7m_megahit_metabat_bin-1836	00037	0.00048	12.6	0.2	0.00048	12.6	0.2	1.0	1	hypothetical protein
cogOTU_250	4QBDF	1	Loc090519-8m_megahit_metabat_bin-1431	00005	0.00048	12.6	0.2	0.00048	12.6	0.2	1.0	1	hypothetical protein
cogOTU_250	4QBDF	1	Loclat_megahit_metabat_bin-02324	00029	0.00048	12.6	0.2	0.00048	12.6	0.2	1.0	1	hypothetical protein
cogOTU_250	4QFA0	1	Loc090519-4m_megahit_metabat_bin-231	00025	0.001	12.5	0.5	0.0011	12.3	0.5	1.2	1	hypothetical protein
cogOTU_250	4QFA0	1	Loc090519-5m_megahit_metabat_bin-0228	00020	0.001	12.5	0.5	0.0011	12.3	0.5	1.2	1	hypothetical protein
cogOTU_250	4QFA0	1	Loc090519-6m_megahit_metabat_bin-0516	00027	0.001	12.5	0.5	0.0011	12.3	0.5	1.2	1	hypothetical protein
cogOTU_250	4QFA0	1	Loc090519-7m_megahit_metabat_bin-0406	00027	0.001	12.5	0.5	0.0011	12.3	0.5	1.2	1	hypothetical protein
cogOTU_250	4QFA0	1	Loc090519-8-7m_megahit_metabat_bin-1836	00022	0.001	12.5	0.5	0.0011	12.3	0.5	1.2	1	hypothetical protein
cogOTU_250	4QFA0	1	Loc090519-8m_megahit_metabat_bin-1431	00027	0.001	12.5	0.5	0.0011	12.3	0.5	1.2	1	hypothetical protein
cogOTU_250	4QFA0	1	Loclat_megahit_metabat_bin-02324	00021	0.001	12.5	0.5	0.0011	12.3	0.5	1.2	1	hypothetical protein
