cogOTU_2449	4QBFG	1	Loc080925-5m_megahit_metabat_bin-0744	00006	1.3e-18	58.6	0.0	1.9e-18	58.0	0.0	1.3	1	1,2-phenylacetyl-CoA epoxidase, subunit E
cogOTU_2449	4QG3E	1	Loc080925-5m_megahit_metabat_bin-0744	00014	0.00016	12.7	19.9	0.00019	12.5	19.9	1.0	1	hypothetical protein
cogOTU_2449	4QG3E	1	Loc080925-6m_megahit_metabat_bin-0789	00005	0.00016	12.7	19.9	0.00019	12.5	19.9	1.0	1	hypothetical protein
cogOTU_2449	4QG3E	1	Loclat_megahit_metabat_bin-15709	00012	0.00016	12.7	19.9	0.00019	12.5	19.9	1.0	1	hypothetical protein
cogOTU_2449	4QG7P	1	Loc080925-5m_megahit_metabat_bin-0744	00005	0.00033	11.7	0.0	0.00055	11.0	0.0	1.3	1	hypothetical protein
cogOTU_2449	4QEPP	1	Loc080925-5m_megahit_metabat_bin-0744	00005	0.00014	14.0	0.1	0.00033	12.8	0.0	1.6	1	hypothetical protein
