cogOTU_760	4QB70	1	Loc081215-4m_megahit_metabat_bin-1841	00013	0.0014	10.9	3.8	0.0062	8.8	0.1	2.8	2	hypothetical protein
cogOTU_760	4QB70	1	Loc081215-5m_megahit_metabat_bin-1072	00008	0.0014	10.9	3.8	0.0062	8.8	0.1	2.8	2	hypothetical protein
cogOTU_760	4QB70	1	Loc081215-8m_megahit_metabat_bin-0561	00002	0.0014	10.9	3.8	0.0062	8.8	0.1	2.8	2	hypothetical protein
cogOTU_760	4QFEB	1	Loc081215-4m_megahit_metabat_bin-1841	00013	9.9e-15	45.9	10.7	9.9e-15	45.9	10.7	1.9	1	hypothetical protein
cogOTU_760	4QFEB	1	Loc081215-5m_megahit_metabat_bin-1072	00008	9.9e-15	45.9	10.7	9.9e-15	45.9	10.7	1.9	1	hypothetical protein
cogOTU_760	4QFEB	1	Loc081215-8m_megahit_metabat_bin-0561	00002	9.9e-15	45.9	10.7	9.9e-15	45.9	10.7	1.9	1	hypothetical protein
cogOTU_760	4QCV3	1	Loc081215-4m_megahit_metabat_bin-1841	00001	0.00045	10.7	0.1	0.00047	10.7	0.1	1.2	1	hypothetical protein
cogOTU_760	4QCV3	1	Loc081215-5m_megahit_metabat_bin-1072	00001	0.00045	10.7	0.1	0.00047	10.7	0.1	1.2	1	hypothetical protein
cogOTU_760	4QCV3	1	Loc081215-8m_megahit_metabat_bin-0561	00011	0.00045	10.7	0.1	0.00047	10.7	0.1	1.2	1	hypothetical protein
