cogOTU_2562	4QG3E	0	Loc090402-7m_megahit_metabat_bin-1192	00007	0.025	7.5	23.5	0.00048	13.1	15.5	2.0	1	hypothetical protein
cogOTU_2562	4QAS8	1	Loc081215-9m_megahit_metabat_bin-2018	00021	0.0014	12.6	0.2	0.0014	12.6	0.2	1.8	1	hypothetical protein
cogOTU_2562	4QAS8	1	Loc090721-6m_megahit_metabat_bin-060	00004	0.0069	10.3	3.1	0.0031	11.4	0.2	1.9	1	hypothetical protein
cogOTU_2562	4QAS8	1	Loc081215-1m_megahit_metabat_bin-1934	00015	0.0071	10.3	3.1	0.0031	11.4	0.2	1.9	1	hypothetical protein
cogOTU_2562	4QAS8	1	Loc080925-5-5m_megahit_metabat_bin-0780	00021	0.0075	10.2	3.1	0.0034	11.3	0.2	1.9	1	hypothetical protein
cogOTU_2562	4QAS8	1	Loc080925-8m_megahit_metabat_bin-376	00004	0.0075	10.2	3.1	0.0034	11.3	0.2	1.9	1	hypothetical protein
cogOTU_2562	4QAS8	1	Loc081215-6m_megahit_metabat_bin-1355	00005	0.0075	10.2	3.1	0.0034	11.3	0.2	1.9	1	hypothetical protein
cogOTU_2562	4QAS8	1	Loc090519-4m_megahit_metabat_bin-159	00017	0.0075	10.2	3.1	0.0034	11.3	0.2	1.9	1	hypothetical protein
cogOTU_2562	4QDGV	1	Loc080925-5-5m_megahit_metabat_bin-0780	00015	0.00099	12.2	0.2	0.0013	11.8	0.2	1.1	1	hypothetical protein
cogOTU_2562	4QDGV	1	Loc080925-8m_megahit_metabat_bin-376	00009	0.00099	12.2	0.2	0.0013	11.8	0.2	1.1	1	hypothetical protein
cogOTU_2562	4QDGV	1	Loc081215-1m_megahit_metabat_bin-1934	00010	0.00099	12.2	0.2	0.0013	11.8	0.2	1.1	1	hypothetical protein
cogOTU_2562	4QDGV	1	Loc081215-9m_megahit_metabat_bin-2018	00016	0.00099	12.2	0.2	0.0013	11.8	0.2	1.1	1	hypothetical protein
cogOTU_2562	4QDGV	1	Loc090519-4m_megahit_metabat_bin-159	00012	0.00099	12.2	0.2	0.0013	11.8	0.2	1.1	1	hypothetical protein
cogOTU_2562	4QEVB	1	Loc081215-6m_megahit_metabat_bin-1355	00004	0.00097	12.5	1.3	0.0011	12.3	1.3	1.1	1	hypothetical protein
cogOTU_2562	4QEVB	1	Loc081215-9m_megahit_metabat_bin-2018	00003	0.00097	12.5	1.3	0.0011	12.3	1.3	1.1	1	hypothetical protein
cogOTU_2562	4QEVB	1	Loc090721-6m_megahit_metabat_bin-060	00015	0.00097	12.5	1.3	0.0011	12.3	1.3	1.1	1	hypothetical protein
cogOTU_2562	4QHF9	0	Loc081215-6m_megahit_metabat_bin-1355	00011	0.012	8.6	4.0	0.049	6.6	0.2	2.5	2	hypothetical protein
cogOTU_2562	4QHF9	0	Loc081215-9m_megahit_metabat_bin-2018	00009	0.012	8.6	4.0	0.049	6.6	0.2	2.5	2	hypothetical protein
cogOTU_2562	4QHF9	0	Loc090402-7m_megahit_metabat_bin-1192	00009	0.046	6.7	5.6	0.038	7.0	0.3	2.4	2	hypothetical protein
