cogOTU_2481	4QF9F	1	Loc090721-6m_megahit_metabat_bin-184	00013	0.0004	11.4	1.2	0.00072	10.6	0.6	1.7	1	hypothetical protein
cogOTU_2481	4QF9F	1	Loc090721-6m_megahit_metabat_bin-534	00013	0.0004	11.4	1.2	0.00072	10.6	0.6	1.7	1	hypothetical protein
cogOTU_2481	4QCTZ	1	Loc090721-6m_megahit_metabat_bin-184	00016	0.00024	12.4	2.0	0.00029	12.2	0.3	1.9	1	putative glycosyltransferase
cogOTU_2481	4QCTZ	1	Loc090721-6m_megahit_metabat_bin-534	00016	0.00024	12.4	2.0	0.00029	12.2	0.3	1.9	1	putative glycosyltransferase
cogOTU_2481	4QEGK	1	Loc090721-6m_megahit_metabat_bin-184	00008	0.0039	7.7	6.0	0.0045	7.6	6.0	1.1	1	hypothetical protein
cogOTU_2481	4QEGK	1	Loc090721-6m_megahit_metabat_bin-534	00008	0.0039	7.7	6.0	0.0045	7.6	6.0	1.1	1	hypothetical protein
cogOTU_2481	4QFMC	1	Loc090721-6m_megahit_metabat_bin-184	00008	0.00077	10.4	2.8	0.00093	10.1	2.8	1.3	1	hypothetical protein
cogOTU_2481	4QFMC	1	Loc090721-6m_megahit_metabat_bin-534	00008	0.00077	10.4	2.8	0.00093	10.1	2.8	1.3	1	hypothetical protein
cogOTU_2481	4QFRG	1	Loc090721-6m_megahit_metabat_bin-184	00008	0.002	8.7	6.4	0.002	8.8	6.4	1.0	1	hypothetical protein
cogOTU_2481	4QFRG	1	Loc090721-6m_megahit_metabat_bin-534	00008	0.002	8.7	6.4	0.002	8.8	6.4	1.0	1	hypothetical protein
