cogOTU_2680	4QFF3	1	Loc080925-6m_megahit_metabat_bin-0560	00015	3.5e-05	15.5	0.1	4.5e-05	15.2	0.1	1.3	1	hypothetical protein
cogOTU_2680	4QFF3	1	Loclat_megahit_metabat_bin-14174	00018	3.5e-05	15.5	0.1	4.5e-05	15.2	0.1	1.3	1	hypothetical protein
cogOTU_2680	4QB4E	1	Loc080925-6m_megahit_metabat_bin-0560	00014	0.00059	9.1	2.6	0.00072	8.8	2.6	1.0	1	hypothetical protein
cogOTU_2680	4QB4E	1	Loclat_megahit_metabat_bin-14174	00019	0.00059	9.1	2.6	0.00072	8.8	2.6	1.0	1	hypothetical protein
cogOTU_2680	4QD70	1	Loc080925-6m_megahit_metabat_bin-0560	00009	0.00053	10.8	2.7	0.00066	10.5	2.7	1.2	1	hypothetical protein
cogOTU_2680	4QD70	1	Loclat_megahit_metabat_bin-14174	00009	0.00053	10.8	2.7	0.00066	10.5	2.7	1.2	1	hypothetical protein
