cogOTU_1203	4QB9Y	1	Loc090519-8-7m_megahit_metabat_bin-1407	00009	1.5e-32	104.5	0.0	2.2e-32	104.0	0.0	1.1	1	hypothetical protein
cogOTU_1203	4QF3E	1	Loc090519-8-7m_megahit_metabat_bin-1407	00009	2.8e-05	14.0	0.0	4.2e-05	13.4	0.0	1.2	1	hypothetical protein
cogOTU_1203	4QB6S	1	Loc090519-4m_megahit_metabat_bin-415	00012	0.00034	12.9	0.2	0.00047	12.5	0.2	1.3	1	hypothetical protein
cogOTU_1203	4QB6S	1	Loc090519-5m_megahit_metabat_bin-0672	00011	0.00034	12.9	0.2	0.00047	12.5	0.2	1.3	1	hypothetical protein
cogOTU_1203	4QB6S	1	Loc090519-8-7m_megahit_metabat_bin-1407	00004	0.00034	12.9	0.2	0.00047	12.5	0.2	1.3	1	hypothetical protein
cogOTU_1203	4QAY9	1	Loc090519-8-7m_megahit_metabat_bin-1407	00009	7e-17	53.4	0.0	9.2e-17	53.0	0.0	1.4	1	hypothetical protein
cogOTU_1203	4QB1C	1	Loc090519-4m_megahit_metabat_bin-415	00008	3.7e-05	14.9	0.0	5e-05	14.5	0.0	1.2	1	hypothetical protein
cogOTU_1203	4QB1C	1	Loc090519-5m_megahit_metabat_bin-0672	00007	3.7e-05	14.9	0.0	5e-05	14.5	0.0	1.2	1	hypothetical protein
cogOTU_1203	4QB1C	1	Loc090519-8-7m_megahit_metabat_bin-1407	00008	3.7e-05	14.9	0.0	5e-05	14.5	0.0	1.2	1	hypothetical protein
cogOTU_1203	4QF9N	1	Loc090519-4m_megahit_metabat_bin-415	00013	0.00014	12.8	0.2	0.00014	12.8	0.2	1.0	1	hypothetical protein
cogOTU_1203	4QF9N	1	Loc090519-5m_megahit_metabat_bin-0672	00012	0.00014	12.8	0.2	0.00014	12.8	0.2	1.0	1	hypothetical protein
cogOTU_1203	4QF9N	1	Loc090519-8-7m_megahit_metabat_bin-1407	00003	0.00014	12.8	0.2	0.00014	12.8	0.2	1.0	1	hypothetical protein
cogOTU_1203	4QBC8	1	Loc090519-8-7m_megahit_metabat_bin-1407	00009	0.00041	11.4	0.2	0.00092	10.3	0.0	1.6	1	hypothetical protein
