cogOTU_970	4QD7R	1	Loc090907-4m_megahit_metabat_bin-299	00001	0.00011	14.3	0.0	0.0003	12.9	0.0	1.7	1	hypothetical protein
cogOTU_970	4QD7R	1	Loc081215-1m_megahit_metabat_bin-2154	00013	0.00012	14.2	0.0	0.00034	12.7	0.0	1.7	1	hypothetical protein
cogOTU_970	4QD7R	1	Loc090402-1m_megahit_metabat_bin-0647	00001	0.00012	14.1	0.0	0.00035	12.7	0.0	1.7	1	hypothetical protein
cogOTU_970	4QDG6	1	Loc090402-1m_megahit_metabat_bin-0647	00002	3.4e-06	17.8	0.0	5.8e-06	17.0	0.0	1.2	1	hypothetical protein
cogOTU_970	4QBKC	1	Loc081215-1m_megahit_metabat_bin-2154	00013	0.00015	13.6	0.1	0.00052	11.9	0.0	1.9	1	hypothetical protein
cogOTU_970	4QBKC	1	Loc090402-1m_megahit_metabat_bin-0647	00001	0.00016	13.6	0.1	0.00054	11.9	0.0	1.9	1	hypothetical protein
cogOTU_970	4QGRY	1	Loc081215-4m_megahit_metabat_bin-1369	00010	3.8e-05	15.5	6.3	4.6e-05	15.2	6.3	1.1	1	hypothetical protein
cogOTU_970	4QGRY	1	Loc081215-1m_megahit_metabat_bin-2154	00008	6.2e-05	14.8	6.6	7.4e-05	14.5	6.6	1.1	1	hypothetical protein
cogOTU_970	4QGRY	1	Loc090402-1m_megahit_metabat_bin-0647	00005	6.2e-05	14.8	6.6	7.4e-05	14.5	6.6	1.1	1	hypothetical protein
cogOTU_970	4QGRY	1	Loc090907-4m_megahit_metabat_bin-299	00008	6.2e-05	14.8	6.6	7.4e-05	14.5	6.6	1.1	1	hypothetical protein
cogOTU_970	4QANQ	1	Loc090907-4m_megahit_metabat_bin-299	00001	2.2e-08	25.0	0.0	3.6e-08	24.3	0.0	1.2	1	hypothetical protein
cogOTU_970	4QANQ	1	Loc081215-1m_megahit_metabat_bin-2154	00013	2.6e-08	24.7	0.0	4.2e-08	24.1	0.0	1.2	1	hypothetical protein
cogOTU_970	4QANQ	1	Loc090402-1m_megahit_metabat_bin-0647	00001	1.2e-07	22.6	0.0	1.9e-07	21.9	0.0	1.2	1	hypothetical protein
