cogOTU_2236	4QC9J	1	Loc090116-4m_megahit_metabat_bin-0660	00011	3.5e-05	15.1	0.0	7.7e-05	13.9	0.0	1.5	1	hypothetical protein
cogOTU_2236	4QC9J	1	Loc090116-8m_megahit_metabat_bin-0197	00008	3.5e-05	15.1	0.0	7.7e-05	13.9	0.0	1.5	1	hypothetical protein
cogOTU_2236	4QC9J	1	Loc090402-8m_megahit_metabat_bin-1156	00008	3.5e-05	15.1	0.0	7.7e-05	13.9	0.0	1.5	1	hypothetical protein
cogOTU_2236	4QB2U	1	Loc090116-4m_megahit_metabat_bin-0660	00006	2.3e-10	32.1	0.1	3e-10	31.8	0.1	1.3	1	hypothetical protein
cogOTU_2236	4QB2U	1	Loc090116-8m_megahit_metabat_bin-0197	00013	2.3e-10	32.1	0.1	3e-10	31.8	0.1	1.3	1	hypothetical protein
cogOTU_2236	4QB2U	1	Loc090402-8m_megahit_metabat_bin-1156	00013	2.3e-10	32.1	0.1	3e-10	31.8	0.1	1.3	1	hypothetical protein
cogOTU_2236	4QFYI	1	Loc090116-4m_megahit_metabat_bin-0660	00016	0.00026	12.7	0.0	0.00028	12.6	0.0	1.1	1	hypothetical protein
cogOTU_2236	4QFYI	1	Loc090116-8m_megahit_metabat_bin-0197	00003	0.00026	12.7	0.0	0.00028	12.6	0.0	1.1	1	hypothetical protein
cogOTU_2236	4QFYI	1	Loc090402-8m_megahit_metabat_bin-1156	00003	0.00026	12.7	0.0	0.00028	12.6	0.0	1.1	1	hypothetical protein
cogOTU_2236	4QCWG	1	Loc090116-4m_megahit_metabat_bin-0660	00011	0.00013	12.6	0.0	0.00021	12.0	0.0	1.2	1	hypothetical protein
cogOTU_2236	4QCWG	1	Loc090116-8m_megahit_metabat_bin-0197	00008	0.00013	12.6	0.0	0.00021	12.0	0.0	1.2	1	hypothetical protein
cogOTU_2236	4QCWG	1	Loc090402-8m_megahit_metabat_bin-1156	00008	0.00013	12.6	0.0	0.00021	12.0	0.0	1.2	1	hypothetical protein
cogOTU_2236	4QFU4	1	Loc090116-4m_megahit_metabat_bin-0660	00011	0.00048	11.9	1.3	0.00093	11.0	0.5	1.9	1	hypothetical protein
cogOTU_2236	4QFU4	1	Loc090116-8m_megahit_metabat_bin-0197	00008	0.00048	11.9	1.3	0.00093	11.0	0.5	1.9	1	hypothetical protein
cogOTU_2236	4QFU4	1	Loc090402-8m_megahit_metabat_bin-1156	00008	0.00048	11.9	1.3	0.00093	11.0	0.5	1.9	1	hypothetical protein
cogOTU_2236	4QFND	1	Loc090116-4m_megahit_metabat_bin-0660	00007	9.5e-05	13.8	0.0	0.00011	13.6	0.0	1.1	1	hypothetical protein
cogOTU_2236	4QFND	1	Loc090116-8m_megahit_metabat_bin-0197	00012	9.5e-05	13.8	0.0	0.00011	13.6	0.0	1.1	1	hypothetical protein
cogOTU_2236	4QFND	1	Loc090402-8m_megahit_metabat_bin-1156	00012	9.5e-05	13.8	0.0	0.00011	13.6	0.0	1.1	1	hypothetical protein
