cogOTU_639	4QHQH	1	Loc090519-4m_megahit_metabat_bin-928	00009	5.1e-136	448.3	4.0	6.6e-136	447.9	4.0	1.1	1	hypothetical protein
cogOTU_639	4QHQH	1	Loc090519-5m_megahit_metabat_bin-0491	00013	5.1e-136	448.3	4.0	6.6e-136	447.9	4.0	1.1	1	hypothetical protein
cogOTU_639	4QHQH	1	Loc090519-6m_megahit_metabat_bin-0524	00009	5.1e-136	448.3	4.0	6.6e-136	447.9	4.0	1.1	1	hypothetical protein
cogOTU_639	4QHQH	1	Loc090519-7m_megahit_metabat_bin-1553	00009	5.1e-136	448.3	4.0	6.6e-136	447.9	4.0	1.1	1	hypothetical protein
cogOTU_639	4QHQH	1	Loc090519-8-7m_megahit_metabat_bin-0670	00007	5.1e-136	448.3	4.0	6.6e-136	447.9	4.0	1.1	1	hypothetical protein
cogOTU_639	4QHQH	1	Loc090519-8m_megahit_metabat_bin-1541	00001	5.1e-136	448.3	4.0	6.6e-136	447.9	4.0	1.1	1	hypothetical protein
cogOTU_639	4QHQH	1	Loc090721-7m_megahit_metabat_bin-646	00018	5.1e-136	448.3	4.0	6.6e-136	447.9	4.0	1.1	1	hypothetical protein
cogOTU_639	4QHQH	1	Loc090721-8m_megahit_metabat_bin-732	00002	5.1e-136	448.3	4.0	6.6e-136	447.9	4.0	1.1	1	hypothetical protein
cogOTU_639	4QHQH	1	Loclat_megahit_metabat_bin-13767	00021	4.3e-122	402.3	3.5	5.5e-122	401.9	3.5	1.0	1	hypothetical protein
cogOTU_639	4QCVK	1	Loclat_megahit_metabat_bin-13767	00021	0.00029	13.1	0.0	0.0004	12.6	0.0	1.1	1	hypothetical protein
cogOTU_639	4QCVK	1	Loc090519-4m_megahit_metabat_bin-928	00009	0.00046	12.4	0.0	0.00067	11.9	0.0	1.2	1	hypothetical protein
cogOTU_639	4QCVK	1	Loc090519-5m_megahit_metabat_bin-0491	00013	0.00046	12.4	0.0	0.00067	11.9	0.0	1.2	1	hypothetical protein
cogOTU_639	4QCVK	1	Loc090519-6m_megahit_metabat_bin-0524	00009	0.00046	12.4	0.0	0.00067	11.9	0.0	1.2	1	hypothetical protein
cogOTU_639	4QCVK	1	Loc090519-7m_megahit_metabat_bin-1553	00009	0.00046	12.4	0.0	0.00067	11.9	0.0	1.2	1	hypothetical protein
cogOTU_639	4QCVK	1	Loc090519-8-7m_megahit_metabat_bin-0670	00007	0.00046	12.4	0.0	0.00067	11.9	0.0	1.2	1	hypothetical protein
cogOTU_639	4QCVK	1	Loc090519-8m_megahit_metabat_bin-1541	00001	0.00046	12.4	0.0	0.00067	11.9	0.0	1.2	1	hypothetical protein
cogOTU_639	4QCVK	1	Loc090721-7m_megahit_metabat_bin-646	00018	0.00046	12.4	0.0	0.00067	11.9	0.0	1.2	1	hypothetical protein
cogOTU_639	4QCVK	1	Loc090721-8m_megahit_metabat_bin-732	00002	0.00046	12.4	0.0	0.00067	11.9	0.0	1.2	1	hypothetical protein
