cogOTU_529	4QD7R	1	Loc090116-4m_megahit_metabat_bin-1291	00001	5.7e-05	15.7	0.0	0.00016	14.3	0.0	1.7	1	hypothetical protein
cogOTU_529	4QD7R	1	Loc090519-1m_megahit_metabat_bin-1103	00012	0.00014	14.5	0.0	0.00034	13.2	0.0	1.6	1	hypothetical protein
cogOTU_529	4QD7R	1	Loc081215-5m_megahit_metabat_bin-0477	00011	0.00033	13.3	0.0	0.00096	11.8	0.0	1.7	1	hypothetical protein
cogOTU_529	4QDG6	1	Loc081215-5m_megahit_metabat_bin-0477	00011	2.9e-11	35.0	0.0	4.6e-11	34.3	0.0	1.2	1	hypothetical protein
cogOTU_529	4QBKC	1	Loc081215-5m_megahit_metabat_bin-0477	00011	0.00032	13.1	0.0	0.0014	11.0	0.0	2.1	1	hypothetical protein
cogOTU_529	4QGRY	1	Loc081215-5m_megahit_metabat_bin-0477	00007	8.9e-05	14.8	6.6	0.00011	14.5	6.6	1.1	1	hypothetical protein
cogOTU_529	4QGRY	1	Loc081215-6m_megahit_metabat_bin-0597	00007	8.9e-05	14.8	6.6	0.00011	14.5	6.6	1.1	1	hypothetical protein
cogOTU_529	4QGRY	1	Loc090116-4m_megahit_metabat_bin-1291	00006	8.9e-05	14.8	6.6	0.00011	14.5	6.6	1.1	1	hypothetical protein
cogOTU_529	4QGRY	1	Loclat_megahit_metabat_bin-10130	00011	8.9e-05	14.8	6.6	0.00011	14.5	6.6	1.1	1	hypothetical protein
cogOTU_529	4QANQ	1	Loc090116-4m_megahit_metabat_bin-1291	00001	1.1e-08	26.5	0.0	1.7e-08	25.9	0.0	1.2	1	hypothetical protein
cogOTU_529	4QANQ	1	Loc090519-1m_megahit_metabat_bin-1103	00012	2.5e-08	25.3	0.0	4e-08	24.7	0.0	1.2	1	hypothetical protein
cogOTU_529	4QANQ	1	Loc081215-5m_megahit_metabat_bin-0477	00011	7.4e-08	23.8	0.0	1.2e-07	23.1	0.0	1.2	1	hypothetical protein
cogOTU_529	4QANQ	1	Loc081215-6m_megahit_metabat_bin-0597	00001	0.0002	12.5	0.0	0.00031	11.8	0.0	1.2	1	hypothetical protein
cogOTU_529	4QDK1	1	Loc090116-4m_megahit_metabat_bin-1291	00002	0.00048	12.7	0.0	0.0036	9.9	0.0	2.0	2	hypothetical protein
cogOTU_529	4QE78	1	Loclat_megahit_metabat_bin-10130	00001	1.1e-05	18.0	2.3	1.7e-05	17.4	2.3	1.2	1	hypothetical protein
