cogOTU_736	4QBBI	1	Loc080925-4-5m_megahit_metabat_bin-0106	00010	0.0004	11.0	0.0	0.00046	10.8	0.0	1.1	1	hypothetical protein
cogOTU_736	4QBBI	1	Loc080925-4-5m_megahit_metabat_bin-0991	00010	0.0004	11.0	0.0	0.00046	10.8	0.0	1.1	1	hypothetical protein
cogOTU_736	4QEW8	1	Loc080925-4-5m_megahit_metabat_bin-0106	00002	3.6e-05	13.8	0.4	4.2e-05	13.6	0.4	1.0	1	hypothetical protein
cogOTU_736	4QEW8	1	Loc080925-4-5m_megahit_metabat_bin-0991	00002	3.6e-05	13.8	0.4	4.2e-05	13.6	0.4	1.0	1	hypothetical protein
cogOTU_736	4QEW8	1	Loc080925-4-5m_megahit_metabat_bin-0106	00005	0.00019	11.4	0.8	0.00021	11.3	0.8	1.0	1	hypothetical protein
cogOTU_736	4QEW8	1	Loc080925-4-5m_megahit_metabat_bin-0991	00005	0.00019	11.4	0.8	0.00021	11.3	0.8	1.0	1	hypothetical protein
cogOTU_736	4QF55	1	Loc080925-4-5m_megahit_metabat_bin-0106	00013	0.0038	6.7	6.0	0.0016	7.9	3.8	1.3	1	hypothetical protein
cogOTU_736	4QF55	1	Loc080925-4-5m_megahit_metabat_bin-0991	00013	0.0038	6.7	6.0	0.0016	7.9	3.8	1.3	1	hypothetical protein
cogOTU_736	4QEGM	0	Loc080925-4-5m_megahit_metabat_bin-0106	00004	0.031	4.1	33.6	0.036	3.9	33.6	1.0	1	hypothetical protein
cogOTU_736	4QEGM	0	Loc080925-4-5m_megahit_metabat_bin-0991	00004	0.031	4.1	33.6	0.036	3.9	33.6	1.0	1	hypothetical protein
cogOTU_736	4QBBP	1	Loc080925-4-5m_megahit_metabat_bin-0106	00002	0.00018	12.5	2.0	0.00023	12.2	2.0	1.2	1	hypothetical protein
cogOTU_736	4QBBP	1	Loc080925-4-5m_megahit_metabat_bin-0991	00002	0.00018	12.5	2.0	0.00023	12.2	2.0	1.2	1	hypothetical protein
cogOTU_736	4QDVJ	1	Loc080925-4-5m_megahit_metabat_bin-0106	00004	0.0014	8.9	5.8	0.0016	8.7	5.8	1.2	1	hypothetical protein
cogOTU_736	4QDVJ	1	Loc080925-4-5m_megahit_metabat_bin-0991	00004	0.0014	8.9	5.8	0.0016	8.7	5.8	1.2	1	hypothetical protein
cogOTU_736	4QD8W	0	Loc080925-4-5m_megahit_metabat_bin-0106	00013	0.017	4.1	14.4	0.021	3.8	14.4	1.1	1	hypothetical protein
cogOTU_736	4QD8W	0	Loc080925-4-5m_megahit_metabat_bin-0991	00013	0.017	4.1	14.4	0.021	3.8	14.4	1.1	1	hypothetical protein
