cogOTU_359	4QF0I	1	Loc090519-7m_megahit_metabat_bin-1385	00004	0.0012	9.7	3.1	0.0013	9.6	3.1	1.0	1	hypothetical protein
cogOTU_359	4QF0I	1	Loc090519-8m_megahit_metabat_bin-0232	00002	0.0012	9.7	3.1	0.0013	9.6	3.1	1.0	1	hypothetical protein
cogOTU_359	4QB4A	1	Loc090519-7m_megahit_metabat_bin-1385	00009	0.00077	10.6	5.5	0.054	4.5	0.0	4.0	4	hypothetical protein
cogOTU_359	4QB4A	1	Loc090519-8m_megahit_metabat_bin-0232	00007	0.00077	10.6	5.5	0.054	4.5	0.0	4.0	4	hypothetical protein
cogOTU_359	4QGSX	1	Loc090519-7m_megahit_metabat_bin-1385	00013	2.1e-05	14.1	0.1	2.2e-05	14.0	0.1	1.0	1	hypothetical protein
cogOTU_359	4QGSX	1	Loc090519-8m_megahit_metabat_bin-0232	00011	2.1e-05	14.1	0.1	2.2e-05	14.0	0.1	1.0	1	hypothetical protein
