cogOTU_819	4QBH3	1	Loc090519-7m_megahit_metabat_bin-0841	00012	0.0073	8.3	11.9	0.0087	8.0	11.9	1.2	1	hypothetical protein
cogOTU_819	4QGE1	1	Loc090519-7m_megahit_metabat_bin-0841	00011	0.00017	13.9	1.4	0.0002	13.7	1.4	1.2	1	hypothetical protein
cogOTU_819	4QCJH	0	Loc090519-5m_megahit_metabat_bin-1064	00024	0.076	5.1	11.0	0.0051	8.9	5.4	1.9	1	hypothetical protein
cogOTU_819	4QGSU	1	Loc090519-4m_megahit_metabat_bin-184	00004	0.00039	12.6	0.5	0.00047	12.4	0.5	1.1	1	hypothetical protein
cogOTU_819	4QGSU	1	Loc090519-5m_megahit_metabat_bin-1064	00008	0.00039	12.6	0.5	0.00047	12.4	0.5	1.1	1	hypothetical protein
cogOTU_819	4QGSU	1	Loc090519-7m_megahit_metabat_bin-0841	00017	0.00039	12.6	0.5	0.00047	12.4	0.5	1.1	1	hypothetical protein
cogOTU_819	4QG6Z	1	Loc090519-7m_megahit_metabat_bin-0841	00003	0.00016	13.2	0.2	0.00034	12.1	0.1	1.5	1	hypothetical protein
cogOTU_819	4QFXJ	1	Loc090519-7m_megahit_metabat_bin-0841	00013	0.00049	12.4	0.1	0.32	3.4	0.0	3.3	3	hypothetical protein
