cogOTU_452	4QH1G	1	Loc090721-8m_megahit_metabat_bin-086	00008	8.7e-05	12.9	1.9	0.00014	12.2	1.9	1.4	1	hypothetical protein
cogOTU_452	4QH1G	1	Loc090907-8m_megahit_metabat_bin-073	00002	8.7e-05	12.9	1.9	0.00014	12.2	1.9	1.4	1	hypothetical protein
