cogOTU_2508	4QGWK	1	Loc081215-1m_megahit_metabat_bin-2266	00017	0.00036	11.9	0.0	0.00052	11.3	0.0	1.3	1	hypothetical protein
cogOTU_2508	4QFAQ	1	Loc081215-1m_megahit_metabat_bin-2266	00014	8.1e-05	13.9	0.2	0.00011	13.5	0.2	1.2	1	hypothetical protein
cogOTU_2508	4QFAQ	1	Loc081215-6m_megahit_metabat_bin-1871	00004	0.00012	13.4	0.2	0.00016	13.0	0.2	1.2	1	hypothetical protein
cogOTU_2508	4QC9Q	1	Loc081215-1m_megahit_metabat_bin-2266	00012	0.00015	11.5	0.0	0.00017	11.3	0.0	1.0	1	hypothetical protein
cogOTU_2508	4QC9Q	1	Loc081215-6m_megahit_metabat_bin-1871	00006	0.00015	11.5	0.0	0.00017	11.3	0.0	1.0	1	hypothetical protein
cogOTU_2508	4QGSG	1	Loc081215-6m_megahit_metabat_bin-1871	00002	5.7e-06	17.6	1.5	1.5e-05	16.2	1.5	1.7	1	hypothetical protein
cogOTU_2508	4QFRY	1	Loc081215-1m_megahit_metabat_bin-2266	00006	4.2e-05	13.8	0.1	6.2e-05	13.2	0.1	1.2	1	hypothetical protein
cogOTU_2508	4QFRY	1	Loc081215-6m_megahit_metabat_bin-1871	00011	4.2e-05	13.8	0.1	6.2e-05	13.2	0.1	1.2	1	hypothetical protein
cogOTU_2508	4QDND	1	Loc081215-1m_megahit_metabat_bin-2266	00010	6.9e-05	14.1	0.5	0.00012	13.3	0.1	1.6	1	hypothetical protein
cogOTU_2508	4QDND	1	Loc081215-1m_megahit_metabat_bin-2266	00001	7.3e-05	14.0	0.6	0.00013	13.2	0.1	1.6	1	hypothetical protein
cogOTU_2508	4QBIH	1	Loc081215-1m_megahit_metabat_bin-2266	00011	6.1e-33	105.4	4.4	8.6e-33	104.9	4.4	1.4	1	hypothetical protein
cogOTU_2508	4QBIH	1	Loc081215-6m_megahit_metabat_bin-1871	00007	6.1e-33	105.4	4.4	8.6e-33	104.9	4.4	1.4	1	hypothetical protein
cogOTU_2508	4QBIH	1	Loc081215-1m_megahit_metabat_bin-2266	00002	5.9e-29	92.2	1.9	5.9e-29	92.2	1.9	2.0	2	hypothetical protein
cogOTU_2508	4QBIH	1	Loc081215-6m_megahit_metabat_bin-1871	00014	5.9e-29	92.2	1.9	5.9e-29	92.2	1.9	2.0	2	hypothetical protein
cogOTU_2508	4QBIM	1	Loc081215-1m_megahit_metabat_bin-2266	00010	1.3e-05	16.3	1.8	1.4e-05	16.2	1.8	1.1	1	hypothetical protein
cogOTU_2508	4QBIM	1	Loc081215-1m_megahit_metabat_bin-2266	00001	1.5e-05	16.0	1.9	1.7e-05	15.9	1.9	1.1	1	hypothetical protein
