cogOTU_521	4QCW6	1	Loc080925-7m_megahit_metabat_bin-0016	00013	0.00019	12.8	2.7	0.00094	10.5	2.7	2.3	1	hypothetical protein
cogOTU_521	4QCW6	1	Loc090519-6m_megahit_metabat_bin-0191	00015	0.00019	12.8	2.7	0.00094	10.5	2.7	2.3	1	hypothetical protein
