cogOTU_1808	4QHQI	0	Loc080925-5m_megahit_metabat_bin-0296	00014	0.01	6.2	11.6	0.017	5.5	11.6	1.4	1	hypothetical protein
cogOTU_1808	4QD4U	0	Loc080925-5m_megahit_metabat_bin-0296	00014	0.024	2.0	10.8	0.028	1.8	10.8	1.0	1	hypothetical protein
cogOTU_1808	4QAUG	1	Loc090907-4m_megahit_metabat_bin-566	00014	0.00015	11.7	0.0	0.00024	11.0	0.0	1.2	1	hypothetical protein
cogOTU_1808	4QG3E	1	Loc080925-5m_megahit_metabat_bin-0296	00014	1.9e-07	21.6	14.3	1.9e-07	21.6	14.3	1.5	1	hypothetical protein
cogOTU_1808	4QCWS	1	Loc080925-5m_megahit_metabat_bin-0296	00014	1.9e-05	15.2	13.3	2.8e-05	14.7	13.3	1.2	1	hypothetical protein
cogOTU_1808	4QAY9	1	Loc090907-4m_megahit_metabat_bin-566	00014	4.6e-09	26.6	0.0	7.5e-09	25.9	0.0	1.3	1	hypothetical protein
cogOTU_1808	4QD7Q	1	Loc080925-5m_megahit_metabat_bin-0296	00014	0.00019	12.7	2.6	0.015	6.5	1.8	2.4	2	hypothetical protein
cogOTU_1808	4QDHH	1	Loc080925-5m_megahit_metabat_bin-0296	00014	0.0001	12.4	0.0	0.0044	7.1	0.0	2.3	2	hypothetical protein
