cogOTU_373	4QCY4	1	Loc080925-5-5m_megahit_metabat_bin-1017	00037	4.6e-05	16.1	7.6	4.6e-05	16.1	7.6	2.4	2	hypothetical protein
cogOTU_373	4QCY4	1	Loc080925-7m_megahit_metabat_bin-1016	00005	4.6e-05	16.1	7.6	4.6e-05	16.1	7.6	2.4	2	hypothetical protein
cogOTU_373	4QAIU	1	Loc080925-5-5m_megahit_metabat_bin-1017	00015	1.6e-11	37.7	0.1	2.1e-11	37.4	0.1	1.1	1	hypothetical protein
cogOTU_373	4QAIU	1	Loc080925-7m_megahit_metabat_bin-1016	00031	1.6e-11	37.7	0.1	2.1e-11	37.4	0.1	1.1	1	hypothetical protein
cogOTU_373	4QAIU	1	Loc081215-6m_megahit_metabat_bin-0626	00022	1.6e-11	37.7	0.1	2.1e-11	37.4	0.1	1.1	1	hypothetical protein
cogOTU_373	4QAIU	1	Loc081215-9m_megahit_metabat_bin-0984	00015	1.6e-11	37.7	0.1	2.1e-11	37.4	0.1	1.1	1	hypothetical protein
cogOTU_373	4QB31	1	Loc080925-7m_megahit_metabat_bin-1016	00004	0.0007	13.0	0.3	0.001	12.5	0.3	1.4	1	hypothetical protein
cogOTU_373	4QCX3	1	Loc080925-5-5m_megahit_metabat_bin-1017	00015	0.0018	11.0	1.2	0.0031	10.2	0.2	1.8	1	hypothetical protein
cogOTU_373	4QCX3	1	Loc080925-7m_megahit_metabat_bin-1016	00031	0.0018	11.0	1.2	0.0031	10.2	0.2	1.8	1	hypothetical protein
cogOTU_373	4QCX3	1	Loc081215-6m_megahit_metabat_bin-0626	00022	0.0018	11.0	1.2	0.0031	10.2	0.2	1.8	1	hypothetical protein
cogOTU_373	4QCX3	1	Loc081215-9m_megahit_metabat_bin-0984	00015	0.0018	11.0	1.2	0.0031	10.2	0.2	1.8	1	hypothetical protein
cogOTU_373	4QAZM	1	Loc080925-7m_megahit_metabat_bin-1016	00033	0.00078	12.0	0.0	0.00091	11.8	0.0	1.1	1	hypothetical protein
cogOTU_373	4QD37	1	Loc080925-5-5m_megahit_metabat_bin-1017	00008	4e-21	68.2	0.1	4.2e-21	68.1	0.1	1.1	1	hypothetical protein
cogOTU_373	4QD37	1	Loc081215-6m_megahit_metabat_bin-0626	00029	4e-21	68.2	0.1	4.2e-21	68.1	0.1	1.1	1	hypothetical protein
cogOTU_373	4QD37	1	Loc081215-9m_megahit_metabat_bin-0984	00008	4e-21	68.2	0.1	4.2e-21	68.1	0.1	1.1	1	hypothetical protein
cogOTU_373	4QCC6	1	Loc080925-5-5m_megahit_metabat_bin-1017	00002	9.4e-07	22.2	0.1	1.2e-06	21.8	0.1	1.5	1	hypothetical protein
cogOTU_373	4QCC6	1	Loc081215-6m_megahit_metabat_bin-0626	00035	9.4e-07	22.2	0.1	1.2e-06	21.8	0.1	1.5	1	hypothetical protein
cogOTU_373	4QCC6	1	Loc081215-9m_megahit_metabat_bin-0984	00002	9.4e-07	22.2	0.1	1.2e-06	21.8	0.1	1.5	1	hypothetical protein
cogOTU_373	4QCM3	1	Loc080925-7m_megahit_metabat_bin-1016	00004	2.4e-13	43.5	1.3	3.9e-13	42.8	1.3	1.3	1	hypothetical protein
cogOTU_373	4QBW9	1	Loc080925-7m_megahit_metabat_bin-1016	00004	0.00053	13.2	0.2	0.00068	12.9	0.2	1.2	1	hypothetical protein
