cogOTU_2321	4QGFD	1	Loc081215-4m_megahit_metabat_bin-0795	00017	0.0002	12.4	0.0	0.00026	12.0	0.0	1.2	1	Acyl carrier protein
cogOTU_2321	4QGFD	1	Loc081215-5m_megahit_metabat_bin-1062	00018	0.0002	12.4	0.0	0.00026	12.0	0.0	1.2	1	Acyl carrier protein
cogOTU_2321	4QCGI	1	Loc081215-4m_megahit_metabat_bin-0795	00016	7.8e-20	62.5	14.0	9.6e-20	62.2	4.8	2.0	2	hypothetical protein
cogOTU_2321	4QCGI	1	Loc081215-5m_megahit_metabat_bin-1062	00017	7.9e-20	62.5	14.0	9.6e-20	62.2	4.8	2.0	2	hypothetical protein
cogOTU_2321	4QC9J	1	Loc081215-5m_megahit_metabat_bin-1062	00017	2.7e-22	70.8	8.4	3.2e-22	70.6	8.4	1.0	1	hypothetical protein
cogOTU_2321	4QC9J	1	Loc081215-4m_megahit_metabat_bin-0795	00016	3.5e-22	70.4	8.9	4.1e-22	70.2	8.9	1.0	1	hypothetical protein
cogOTU_2321	4QGZ9	1	Loc081215-4m_megahit_metabat_bin-0795	00002	9.5e-05	13.5	0.6	0.00017	12.7	0.3	1.5	1	hypothetical protein
cogOTU_2321	4QGZ9	1	Loc081215-5m_megahit_metabat_bin-1062	00003	9.5e-05	13.5	0.6	0.00017	12.7	0.3	1.5	1	hypothetical protein
cogOTU_2321	4QCWG	1	Loc081215-4m_megahit_metabat_bin-0795	00016	8.8e-19	59.0	8.7	1.1e-18	58.7	8.7	1.1	1	hypothetical protein
cogOTU_2321	4QCWG	1	Loc081215-5m_megahit_metabat_bin-1062	00017	8.8e-19	59.0	8.7	1.1e-18	58.7	8.7	1.1	1	hypothetical protein
cogOTU_2321	4QE8F	1	Loc081215-5m_megahit_metabat_bin-1062	00017	1.1e-13	42.3	3.9	1.3e-13	42.1	3.9	1.0	1	hypothetical protein
cogOTU_2321	4QE8F	1	Loc081215-4m_megahit_metabat_bin-0795	00016	1.1e-13	42.3	3.9	1.3e-13	42.1	3.9	1.0	1	hypothetical protein
cogOTU_2321	4QEMU	1	Loc081215-4m_megahit_metabat_bin-0795	00017	5.2e-05	15.0	0.1	5.8e-05	14.8	0.1	1.2	1	Acyl carrier protein
cogOTU_2321	4QEMU	1	Loc081215-5m_megahit_metabat_bin-1062	00018	5.2e-05	15.0	0.1	5.8e-05	14.8	0.1	1.2	1	Acyl carrier protein
cogOTU_2321	4QBCY	1	Loc081215-5m_megahit_metabat_bin-1062	00001	0.00017	13.2	0.0	0.00033	12.3	0.0	1.5	1	hypothetical protein
cogOTU_2321	4QE74	1	Loc081215-5m_megahit_metabat_bin-1062	00001	0.00019	12.7	0.0	0.00031	12.0	0.0	1.2	1	hypothetical protein
cogOTU_2321	4QCM5	1	Loc081215-5m_megahit_metabat_bin-1062	00001	3.3e-05	13.9	0.0	3.3e-05	13.9	0.0	2.2	2	hypothetical protein
cogOTU_2321	4QGAC	1	Loc081215-4m_megahit_metabat_bin-0795	00020	0.0001	14.1	0.2	0.0002	13.1	0.2	1.5	1	hypothetical protein
