cogOTU_1102	4QE55	0	Loc090519-4m_megahit_metabat_bin-297	00012	0.083	3.7	10.3	0.085	3.6	10.3	1.0	1	hypothetical protein
cogOTU_1102	4QE55	0	Loc090519-5m_megahit_metabat_bin-0867	00017	0.083	3.7	10.3	0.085	3.6	10.3	1.0	1	hypothetical protein
cogOTU_1102	4QE55	0	Loc090519-6m_megahit_metabat_bin-1256	00002	0.083	3.7	10.3	0.085	3.6	10.3	1.0	1	hypothetical protein
cogOTU_1102	4QE55	0	Loc090519-7m_megahit_metabat_bin-0130	00009	0.083	3.7	10.3	0.085	3.6	10.3	1.0	1	hypothetical protein
cogOTU_1102	4QBA3	1	Loc090519-4m_megahit_metabat_bin-297	00017	0.00063	12.1	0.1	0.00063	12.1	0.1	1.1	1	hypothetical protein
cogOTU_1102	4QBA3	1	Loc090519-5m_megahit_metabat_bin-0867	00009	0.00063	12.1	0.1	0.00063	12.1	0.1	1.1	1	hypothetical protein
cogOTU_1102	4QBA3	1	Loc090519-6m_megahit_metabat_bin-1256	00010	0.00063	12.1	0.1	0.00063	12.1	0.1	1.1	1	hypothetical protein
cogOTU_1102	4QBA3	1	Loc090519-7m_megahit_metabat_bin-0130	00014	0.00063	12.1	0.1	0.00063	12.1	0.1	1.1	1	hypothetical protein
cogOTU_1102	4QBA3	1	Loc090907-5m_megahit_metabat_bin-306	00004	0.00063	12.1	0.1	0.00063	12.1	0.1	1.1	1	hypothetical protein
cogOTU_1102	4QBWC	0	Loc090519-4m_megahit_metabat_bin-297	00019	0.059	5.1	8.7	0.071	4.9	8.7	1.1	1	hypothetical protein
cogOTU_1102	4QBWC	0	Loc090519-5m_megahit_metabat_bin-0867	00011	0.059	5.1	8.7	0.071	4.9	8.7	1.1	1	hypothetical protein
cogOTU_1102	4QBWC	0	Loc090519-6m_megahit_metabat_bin-1256	00012	0.059	5.1	8.7	0.071	4.9	8.7	1.1	1	hypothetical protein
cogOTU_1102	4QBWC	0	Loc090519-7m_megahit_metabat_bin-0130	00016	0.059	5.1	8.7	0.071	4.9	8.7	1.1	1	hypothetical protein
cogOTU_1102	4QBWC	0	Loc090907-5m_megahit_metabat_bin-306	00006	0.059	5.1	8.7	0.071	4.9	8.7	1.1	1	hypothetical protein
cogOTU_1102	4QCSK	0	Loc090907-5m_megahit_metabat_bin-306	00014	0.039	5.8	7.8	0.0036	9.2	2.5	1.9	1	Sodium-potassium/proton antiporter ChaA
