cogOTU_2092	4QFM3	1	Loc081215-4m_megahit_metabat_bin-0134	00004	0.009	4.1	40.2	0.0092	4.1	40.2	1.0	1	hypothetical protein
cogOTU_2092	4QGMW	0	Loc081215-4m_megahit_metabat_bin-0134	00004	0.082	-0.2	74.1	0.1	-0.5	74.1	1.0	1	hypothetical protein
cogOTU_2092	4QEDT	1	Loc081215-5m_megahit_metabat_bin-1006	00006	0.00016	11.7	0.0	0.0002	11.4	0.0	1.2	1	hypothetical protein
cogOTU_2092	4QD4U	0	Loc081215-4m_megahit_metabat_bin-0134	00004	0.041	0.9	15.3	0.048	0.7	15.3	1.0	1	hypothetical protein
cogOTU_2092	4QF5E	1	Loc081215-4m_megahit_metabat_bin-0134	00006	0.00011	10.5	0.3	0.00014	10.1	0.3	1.1	1	hypothetical protein
cogOTU_2092	4QF5E	1	Loc081215-5m_megahit_metabat_bin-1006	00010	0.00011	10.5	0.3	0.00014	10.1	0.3	1.1	1	hypothetical protein
cogOTU_2092	4QC6R	1	Loc081215-5m_megahit_metabat_bin-1006	00002	0.0035	6.1	7.4	0.0079	4.9	7.4	1.6	1	hypothetical protein
