cogOTU_745	4QDS9	1	Loc090519-5m_megahit_metabat_bin-0912	00014	0.0034	8.5	13.5	0.0092	7.0	3.0	2.5	2	hypothetical protein
cogOTU_745	4QDS9	1	Loc090519-6m_megahit_metabat_bin-1104	00013	0.0034	8.5	13.5	0.0092	7.0	3.0	2.5	2	hypothetical protein
cogOTU_745	4QEK9	0	Loc090519-5m_megahit_metabat_bin-0912	00014	0.011	5.1	5.7	0.013	4.8	3.2	1.9	2	hypothetical protein
cogOTU_745	4QEK9	0	Loc090519-6m_megahit_metabat_bin-1104	00013	0.011	5.1	5.7	0.013	4.8	3.2	1.9	2	hypothetical protein
cogOTU_745	4QGFU	1	Loc090519-5m_megahit_metabat_bin-0912	00001	9.9e-06	17.3	0.0	2.1e-05	16.3	0.0	1.2	1	hypothetical protein
cogOTU_745	4QF4E	1	Loc090519-5m_megahit_metabat_bin-0912	00006	0.00038	12.1	0.0	0.00072	11.2	0.0	1.4	1	hypothetical protein
cogOTU_745	4QF4E	1	Loc090519-6m_megahit_metabat_bin-1104	00005	0.00038	12.1	0.0	0.00072	11.2	0.0	1.4	1	hypothetical protein
cogOTU_745	4QBT3	1	Loc090519-5m_megahit_metabat_bin-0912	00020	0.00026	12.2	2.5	0.0017	9.5	0.2	2.5	2	hypothetical protein
cogOTU_745	4QBT3	1	Loc090519-6m_megahit_metabat_bin-1104	00017	0.00026	12.2	2.5	0.0017	9.5	0.2	2.5	2	hypothetical protein
cogOTU_745	4QFT8	1	Loc090519-5m_megahit_metabat_bin-0912	00012	0.002	10.2	6.8	0.0005	12.2	1.1	2.8	1	hypothetical protein
cogOTU_745	4QFT8	1	Loc090519-6m_megahit_metabat_bin-1104	00011	0.002	10.2	6.8	0.0005	12.2	1.1	2.8	1	hypothetical protein
