cogOTU_2501	4QGG2	1	Loc081215-4m_megahit_metabat_bin-1793	00006	1.4e-24	78.1	0.4	2.2e-24	77.5	0.4	1.3	1	hypothetical protein
cogOTU_2501	4QGG2	1	Loc081215-6m_megahit_metabat_bin-1831	00009	1.4e-24	78.1	0.4	2.2e-24	77.5	0.4	1.3	1	hypothetical protein
cogOTU_2501	4QGG2	1	Loc090116-8m_megahit_metabat_bin-1123	00008	1.4e-24	78.1	0.4	2.2e-24	77.5	0.4	1.3	1	hypothetical protein
cogOTU_2501	4QHD6	1	Loc081215-6m_megahit_metabat_bin-1831	00005	5.8e-05	14.6	0.2	0.00014	13.3	0.0	1.6	1	hypothetical protein
cogOTU_2501	4QHD6	1	Loc081215-4m_megahit_metabat_bin-1793	00002	7.7e-05	14.2	0.1	0.00015	13.3	0.0	1.4	1	hypothetical protein
cogOTU_2501	4QERU	0	Loc081215-4m_megahit_metabat_bin-1793	00005	0.085	2.8	140.1	0.13	2.2	140.1	1.3	1	hypothetical protein
cogOTU_2501	4QERU	0	Loc081215-6m_megahit_metabat_bin-1831	00008	0.085	2.8	140.1	0.13	2.2	140.1	1.3	1	hypothetical protein
cogOTU_2501	4QERU	0	Loc090116-8m_megahit_metabat_bin-1123	00009	0.085	2.8	140.1	0.13	2.2	140.1	1.3	1	hypothetical protein
cogOTU_2501	4QBYM	1	Loc081215-4m_megahit_metabat_bin-1793	00008	1.1e-10	30.9	13.0	1.1e-10	30.9	13.0	3.2	3	hypothetical protein
cogOTU_2501	4QE5B	1	Loc081215-6m_megahit_metabat_bin-1831	00005	3.3e-15	48.0	0.2	3.7e-15	47.8	0.2	1.0	1	hypothetical protein
cogOTU_2501	4QE5B	1	Loc081215-4m_megahit_metabat_bin-1793	00002	2.8e-14	45.0	0.1	3.2e-14	44.8	0.1	1.0	1	hypothetical protein
cogOTU_2501	4QCP7	1	Loc081215-6m_megahit_metabat_bin-1831	00005	4.1e-05	15.4	0.5	0.00029	12.7	0.1	2.1	2	hypothetical protein
cogOTU_2501	4QCP7	1	Loc081215-4m_megahit_metabat_bin-1793	00002	4.2e-05	15.4	0.4	0.0002	13.2	0.4	2.1	1	hypothetical protein
cogOTU_2501	4QH74	1	Loc081215-4m_megahit_metabat_bin-1793	00002	7.2e-23	72.9	0.2	7.7e-23	72.8	0.2	1.0	1	hypothetical protein
cogOTU_2501	4QH74	1	Loc081215-6m_megahit_metabat_bin-1831	00005	8.1e-23	72.7	0.3	8.7e-23	72.6	0.3	1.0	1	hypothetical protein
cogOTU_2501	4QGVE	1	Loc081215-6m_megahit_metabat_bin-1831	00005	2.5e-21	67.5	0.2	2.8e-21	67.3	0.2	1.0	1	hypothetical protein
cogOTU_2501	4QGVE	1	Loc081215-4m_megahit_metabat_bin-1793	00002	5.1e-21	66.5	0.1	5.6e-21	66.3	0.1	1.0	1	hypothetical protein
cogOTU_2501	4QET9	1	Loc081215-6m_megahit_metabat_bin-1831	00005	5.1e-11	34.3	0.0	9.6e-11	33.4	0.0	1.4	1	hypothetical protein
cogOTU_2501	4QET9	1	Loc081215-4m_megahit_metabat_bin-1793	00002	7.4e-10	30.5	0.0	1.4e-09	29.6	0.0	1.4	1	hypothetical protein
