cogOTU_2099	4QF48	1	Loc090116-7m_megahit_metabat_bin-1330	00009	7.6e-05	16.4	7.0	0.00012	15.9	7.0	1.2	1	hypothetical protein
cogOTU_2099	4QF48	1	Loc090116-8m_megahit_metabat_bin-0552	00004	7.6e-05	16.4	7.0	0.00012	15.9	7.0	1.2	1	hypothetical protein
cogOTU_2099	4QF48	1	Loc090402-7m_megahit_metabat_bin-0883	00003	7.6e-05	16.4	7.0	0.00012	15.9	7.0	1.2	1	hypothetical protein
cogOTU_2099	4QF48	1	Loc090402-8m_megahit_metabat_bin-1602	00003	7.6e-05	16.4	7.0	0.00012	15.9	7.0	1.2	1	hypothetical protein
cogOTU_2099	4QC7X	1	Loc090402-8m_megahit_metabat_bin-1602	00025	0.0022	9.9	4.6	0.0023	9.9	4.6	1.0	1	hypothetical protein
cogOTU_2099	4QDEX	1	Loc090116-7m_megahit_metabat_bin-1330	00019	0.0001	15.4	0.6	0.00014	14.9	0.6	1.2	1	hypothetical protein
cogOTU_2099	4QDIU	1	Loc090116-7m_megahit_metabat_bin-1330	00019	2.3e-05	17.5	1.1	0.0017	11.5	0.2	2.3	2	hypothetical protein
cogOTU_2099	4QFK0	1	Loc090116-7m_megahit_metabat_bin-1330	00035	0.00078	12.8	0.0	0.0015	11.9	0.0	1.5	1	hypothetical protein
cogOTU_2099	4QFK0	1	Loc090402-7m_megahit_metabat_bin-0883	00007	0.00079	12.8	0.0	0.0015	11.8	0.0	1.5	1	hypothetical protein
cogOTU_2099	4QFK0	1	Loc090116-4m_megahit_metabat_bin-1071	00006	0.00085	12.7	0.0	0.0018	11.6	0.0	1.5	1	hypothetical protein
cogOTU_2099	4QFK0	1	Loc090116-8m_megahit_metabat_bin-0552	00009	0.00085	12.7	0.0	0.0018	11.6	0.0	1.5	1	hypothetical protein
cogOTU_2099	4QFK0	1	Loc090402-8m_megahit_metabat_bin-1602	00027	0.00085	12.7	0.0	0.0018	11.6	0.0	1.5	1	hypothetical protein
cogOTU_2099	4QBGP	1	Loc090116-7m_megahit_metabat_bin-1330	00012	0.0013	11.9	0.0	0.0017	11.4	0.0	1.3	1	hypothetical protein
cogOTU_2099	4QBX7	1	Loc090116-7m_megahit_metabat_bin-1330	00036	0.0055	9.9	5.3	0.0064	9.7	5.3	1.0	1	hypothetical protein
cogOTU_2099	4QBX7	1	Loc090402-8m_megahit_metabat_bin-1602	00026	0.0055	9.9	5.3	0.0064	9.7	5.3	1.0	1	hypothetical protein
cogOTU_2099	4QD6K	1	Loc090116-4m_megahit_metabat_bin-1071	00009	0.0003	14.1	0.9	0.0086	9.4	0.0	2.1	2	hypothetical protein
cogOTU_2099	4QH08	1	Loc090116-7m_megahit_metabat_bin-1330	00011	0.0011	12.4	0.1	0.0022	11.3	0.1	1.5	1	hypothetical protein
cogOTU_2099	4QH08	1	Loc090116-8m_megahit_metabat_bin-0552	00006	0.0011	12.4	0.1	0.0022	11.3	0.1	1.5	1	hypothetical protein
cogOTU_2099	4QH08	1	Loc090402-7m_megahit_metabat_bin-0883	00001	0.0011	12.4	0.1	0.0022	11.3	0.1	1.5	1	hypothetical protein
cogOTU_2099	4QH08	1	Loc090402-8m_megahit_metabat_bin-1602	00001	0.0011	12.4	0.1	0.0022	11.3	0.1	1.5	1	hypothetical protein
