cogOTU_1264	4QD9Y	1	Loc081215-1m_megahit_metabat_bin-1119	00014	3.3e-09	26.6	0.0	2.3e-08	23.8	0.0	1.9	2	hypothetical protein
cogOTU_1264	4QGEE	1	Loc081215-1m_megahit_metabat_bin-1119	00008	0.00017	13.0	0.0	0.00027	12.4	0.0	1.3	1	hypothetical protein
cogOTU_1264	4QGEE	1	Loc081215-6m_megahit_metabat_bin-0786	00007	0.00036	12.0	0.0	0.00062	11.2	0.0	1.3	1	hypothetical protein
cogOTU_1264	4QC8N	1	Loc081215-1m_megahit_metabat_bin-1119	00002	0.00018	11.7	0.0	0.00028	11.1	0.0	1.2	1	hypothetical protein
cogOTU_1264	4QC8N	1	Loc081215-6m_megahit_metabat_bin-0786	00013	0.00018	11.7	0.0	0.00028	11.1	0.0	1.2	1	hypothetical protein
cogOTU_1264	4QBXC	1	Loc081215-6m_megahit_metabat_bin-0786	00005	0.00017	12.2	0.0	0.00022	11.9	0.0	1.1	1	hypothetical protein
cogOTU_1264	4QCPT	1	Loc081215-1m_megahit_metabat_bin-1119	00011	0.0024	9.2	5.8	0.00092	10.5	0.5	2.6	2	hypothetical protein
cogOTU_1264	4QC1Z	1	Loc081215-1m_megahit_metabat_bin-1119	00014	8.7e-09	25.5	0.0	4.8e-08	23.0	0.0	1.9	1	hypothetical protein
cogOTU_1264	4QH63	1	Loc081215-1m_megahit_metabat_bin-1119	00004	5.6e-05	13.1	1.4	8.3e-05	12.6	0.9	1.5	1	hypothetical protein
cogOTU_1264	4QH63	1	Loc081215-6m_megahit_metabat_bin-0786	00011	5.6e-05	13.1	1.4	8.3e-05	12.6	0.9	1.5	1	hypothetical protein
cogOTU_1264	4QFUZ	1	Loc081215-6m_megahit_metabat_bin-0786	00002	0.00016	12.9	1.0	0.00058	11.2	0.0	2.3	1	hypothetical protein
cogOTU_1264	4QE31	1	Loc081215-1m_megahit_metabat_bin-1119	00004	0.00032	11.9	2.2	0.0009	10.4	0.1	2.7	1	hypothetical protein
cogOTU_1264	4QE31	1	Loc081215-6m_megahit_metabat_bin-0786	00011	0.00032	11.9	2.2	0.0009	10.4	0.1	2.7	1	hypothetical protein
cogOTU_1264	4QAM9	1	Loc081215-6m_megahit_metabat_bin-0786	00006	0.00019	11.2	0.0	0.00021	11.0	0.0	1.0	1	hypothetical protein
