cogOTU_1114	4QDJ2	1	Loc090402-1m_megahit_metabat_bin-0558	00008	2.3e-05	16.0	2.0	2.5e-05	15.8	2.0	1.0	1	hypothetical protein
cogOTU_1114	4QDJ2	1	Loc090402-8m_megahit_metabat_bin-0576	00018	2.3e-05	16.0	2.0	2.5e-05	15.8	2.0	1.0	1	hypothetical protein
cogOTU_1114	4QDJ2	1	Loc090721-4m_megahit_metabat_bin-0097	00010	2.3e-05	16.0	2.0	2.5e-05	15.8	2.0	1.0	1	hypothetical protein
cogOTU_1114	4QDJ2	1	Loc090402-8m_megahit_metabat_bin-0576	00003	0.00023	12.7	5.0	0.00027	12.5	5.0	1.1	1	hypothetical protein
cogOTU_1114	4QB0X	0	Loc090402-8m_megahit_metabat_bin-0576	00011	0.036	5.8	8.6	0.0014	10.4	1.6	2.3	1	hypothetical protein
cogOTU_1114	4QGDA	1	Loc090721-4m_megahit_metabat_bin-0097	00006	0.0001	12.9	0.5	0.00011	12.9	0.5	1.1	1	hypothetical protein
cogOTU_1114	4QGDA	1	Loc090402-1m_megahit_metabat_bin-0558	00001	0.00011	12.9	0.5	0.00011	12.8	0.5	1.1	1	hypothetical protein
cogOTU_1114	4QGDA	1	Loc090402-8m_megahit_metabat_bin-0576	00010	0.00011	12.9	0.5	0.00011	12.8	0.5	1.1	1	hypothetical protein
cogOTU_1114	4QHHI	1	Loc090402-1m_megahit_metabat_bin-0558	00006	0.0064	6.8	5.9	0.0071	6.7	5.9	1.1	1	hypothetical protein
cogOTU_1114	4QHHI	1	Loc090721-4m_megahit_metabat_bin-0097	00001	0.0064	6.8	5.9	0.0071	6.7	5.9	1.1	1	hypothetical protein
