cogOTU_891	4QEGF	1	Loc080925-4-5m_megahit_metabat_bin-0460	00008	0.0001	13.6	0.4	0.00016	13.0	0.4	1.3	1	hypothetical protein
cogOTU_891	4QEGF	1	Loc080925-4m_megahit_metabat_bin-0972	00008	0.0001	13.6	0.4	0.00016	13.0	0.4	1.3	1	hypothetical protein
cogOTU_891	4QEGF	1	Loc090519-4m_megahit_metabat_bin-880	00008	0.0001	13.6	0.4	0.00016	13.0	0.4	1.3	1	hypothetical protein
cogOTU_891	4QGH0	1	Loc080925-4m_megahit_metabat_bin-0972	00014	0.0051	4.6	7.0	0.0056	4.4	7.0	1.0	1	hypothetical protein
cogOTU_891	4QGH0	0	Loc080925-4-5m_megahit_metabat_bin-0460	00014	0.027	2.2	17.8	0.04	1.6	17.8	1.2	1	hypothetical protein
