cogOTU_2542	4QBWW	1	Loc081215-9m_megahit_metabat_bin-0292	00031	1.1e-34	111.8	1.1	1.3e-34	111.5	1.1	1.0	1	UV DNA damage endonuclease
cogOTU_2542	4QBWW	1	Loc090116-8m_megahit_metabat_bin-0805	00021	3.1e-34	110.3	0.9	3.8e-34	110.0	0.9	1.0	1	UV DNA damage endonuclease
cogOTU_2542	4QE85	1	Loc081215-9m_megahit_metabat_bin-0292	00012	2.3e-10	31.7	0.0	2.4e-10	31.6	0.0	1.2	1	hypothetical protein
cogOTU_2542	4QE85	1	Loc090116-8m_megahit_metabat_bin-0805	00017	2.3e-10	31.7	0.0	2.4e-10	31.6	0.0	1.2	1	hypothetical protein
cogOTU_2542	4QBCU	1	Loc081215-9m_megahit_metabat_bin-0292	00002	0.00023	13.4	0.4	0.00037	12.8	0.4	1.3	1	hypothetical protein
cogOTU_2542	4QEMQ	1	Loc081215-9m_megahit_metabat_bin-0292	00015	0.00025	13.3	1.1	0.00099	11.4	0.7	1.8	2	hypothetical protein
cogOTU_2542	4QEMQ	1	Loc090116-8m_megahit_metabat_bin-0805	00030	0.00025	13.3	1.1	0.00099	11.4	0.7	1.8	2	hypothetical protein
cogOTU_2542	4QD10	1	Loc081215-9m_megahit_metabat_bin-0292	00001	1.8e-06	20.2	2.6	2.8e-06	19.6	2.6	1.2	1	hypothetical protein
cogOTU_2542	4QD10	1	Loc090116-8m_megahit_metabat_bin-0805	00031	1.8e-06	20.2	2.6	2.8e-06	19.6	2.6	1.2	1	hypothetical protein
cogOTU_2542	4QC79	1	Loc081215-9m_megahit_metabat_bin-0292	00035	2.5e-17	55.1	3.2	7.3e-17	53.6	3.2	1.6	1	hypothetical protein
