cogOTU_1219	4QDQS	1	Loc081215-8m_megahit_metabat_bin-2009	00009	0.006	7.2	5.0	0.022	5.3	0.2	2.8	3	hypothetical protein
cogOTU_1219	4QD5M	1	Loc081215-8m_megahit_metabat_bin-2009	00008	0.00027	12.5	0.1	0.0003	12.3	0.1	1.1	1	hypothetical protein
cogOTU_1219	4QEYW	1	Loc081215-9m_megahit_metabat_bin-1966	00003	2.5e-05	15.9	2.9	0.0014	10.3	1.8	2.7	2	hypothetical protein
cogOTU_1219	4QEYW	1	Loc081215-9m_megahit_metabat_bin-1966	00002	7.2e-05	14.4	1.1	0.0015	10.2	0.5	2.8	2	hypothetical protein
cogOTU_1219	4QEYW	1	Loc081215-8m_megahit_metabat_bin-2009	00014	0.00011	13.8	1.5	0.0017	10.0	0.5	2.8	2	hypothetical protein
cogOTU_1219	4QBF1	1	Loc081215-8m_megahit_metabat_bin-2009	00009	0.00011	13.7	0.1	0.031	5.9	0.2	3.0	3	hypothetical protein
cogOTU_1219	4QBNA	1	Loc081215-8m_megahit_metabat_bin-2009	00013	0.00037	9.4	0.6	0.00051	9.0	0.6	1.1	1	hypothetical protein
cogOTU_1219	4QBNA	1	Loc081215-9m_megahit_metabat_bin-1966	00020	0.00039	9.4	0.6	0.00055	8.9	0.6	1.1	1	hypothetical protein
cogOTU_1219	4QD7Q	1	Loc081215-8m_megahit_metabat_bin-2009	00007	4.8e-18	57.0	2.1	5.2e-18	56.9	2.1	1.0	1	hypothetical protein
cogOTU_1219	4QD7Q	1	Loc081215-9m_megahit_metabat_bin-1966	00011	4.8e-18	57.0	2.1	5.2e-18	56.9	2.1	1.0	1	hypothetical protein
cogOTU_1219	4QE9F	1	Loc081215-8m_megahit_metabat_bin-2009	00016	0.00016	12.9	1.2	0.022	6.0	0.1	2.5	2	hypothetical protein
cogOTU_1219	4QE9F	1	Loc081215-9m_megahit_metabat_bin-1966	00007	0.00022	12.4	1.9	0.017	6.4	0.1	2.5	2	hypothetical protein
cogOTU_1219	4QG3J	1	Loc081215-8m_megahit_metabat_bin-2009	00009	0.00054	9.8	5.3	0.00067	9.5	4.3	1.6	1	hypothetical protein
cogOTU_1219	4QG0C	1	Loc081215-9m_megahit_metabat_bin-1966	00003	0.0086	7.9	7.2	0.02	6.7	0.7	3.5	3	hypothetical protein
cogOTU_1219	4QEEH	1	Loc081215-8m_megahit_metabat_bin-2009	00009	0.00021	12.7	0.6	0.00046	11.6	0.6	1.6	1	hypothetical protein
