cogOTU_2210	4QAYH	1	Loc090721-5m_megahit_metabat_bin-678	00016	9.4e-05	13.5	0.2	0.00014	12.9	0.2	1.3	1	30S ribosomal protein S11
cogOTU_2210	4QAYH	1	Loc080925-7m_megahit_metabat_bin-0451	00006	0.00014	12.9	0.1	0.0002	12.4	0.1	1.3	1	30S ribosomal protein S11
cogOTU_2210	4QG10	1	Loc090721-5m_megahit_metabat_bin-678	00003	0.00017	13.2	0.0	0.00023	12.7	0.0	1.3	1	50S ribosomal protein L23
cogOTU_2210	4QAWJ	1	Loc080925-7m_megahit_metabat_bin-0451	00021	2.7e-146	478.0	12.5	3e-146	477.9	12.5	1.0	1	Photosystem II D2 protein
cogOTU_2210	4QG6N	1	Loc080925-7m_megahit_metabat_bin-0451	00002	0.00025	11.5	0.0	0.0003	11.3	0.0	1.1	1	50S ribosomal protein L14
cogOTU_2210	4QG71	1	Loc090721-5m_megahit_metabat_bin-678	00013	6.5e-05	13.0	0.0	8.6e-05	12.6	0.0	1.1	1	50S ribosomal protein L7/L12
cogOTU_2210	4QEZG	1	Loc090721-5m_megahit_metabat_bin-678	00006	1.7e-45	146.8	0.0	2.4e-45	146.3	0.0	1.2	1	Elongation factor Tu
cogOTU_2210	4QEZG	1	Loc080925-7m_megahit_metabat_bin-0451	00010	1.8e-45	146.7	0.0	2.5e-45	146.2	0.0	1.2	1	Elongation factor Tu
cogOTU_2210	4QC3H	1	Loc080925-7m_megahit_metabat_bin-0451	00021	0.00024	12.8	0.1	0.00048	11.8	0.1	1.5	1	Photosystem II D2 protein
cogOTU_2210	4QD8P	1	Loc080925-7m_megahit_metabat_bin-0451	00019	9.6e-06	17.0	0.0	1.2e-05	16.7	0.0	1.1	1	50S ribosomal protein L23
cogOTU_2210	4QG4D	1	Loc090721-5m_megahit_metabat_bin-678	00005	0.00032	12.4	0.0	0.00061	11.5	0.0	1.4	1	Light-independent protochlorophyllide reductase subunit N
